id,semantic_groups,uri,preflabel,name,synonyms,description
MONDO:0030673,phenotype,http://purl.obolibrary.org/obo/MONDO_0030673,MONDO:0030673,MONDO:0030673,NA,NA
HP:0002540,phenotype,http://purl.obolibrary.org/obo/HP_0002540,HP:0002540,HP:0002540,NA,NA
MONDO:0011426,phenotype,http://purl.obolibrary.org/obo/MONDO_0011426,MONDO:0011426,MONDO:0011426,NA,NA
HP:0000643,phenotype,http://purl.obolibrary.org/obo/HP_0000643,HP:0000643,HP:0000643,NA,NA
MONDO:0017729,phenotype,http://purl.obolibrary.org/obo/MONDO_0017729,MONDO:0017729,MONDO:0017729,NA,NA
HP:0001332,phenotype,http://purl.obolibrary.org/obo/HP_0001332,HP:0001332,HP:0001332,NA,NA
MONDO:0032788,phenotype,http://purl.obolibrary.org/obo/MONDO_0032788,MONDO:0032788,MONDO:0032788,NA,NA
HGNC:2372,gene,https://identifiers.org/HGNC:2372,HGNC:2372,HGNC:2372,NA,NA
MONDO:0054782,phenotype,http://purl.obolibrary.org/obo/MONDO_0054782,MONDO:0054782,MONDO:0054782,NA,NA
HP:0002505,phenotype,http://purl.obolibrary.org/obo/HP_0002505,HP:0002505,HP:0002505,NA,NA
HGNC:14537,gene,https://identifiers.org/HGNC:14537,HGNC:14537,HGNC:14537,NA,NA
HGNC:2510,gene,https://identifiers.org/HGNC:2510,HGNC:2510,HGNC:2510,NA,NA
HGNC:20597,gene,https://identifiers.org/HGNC:20597,HGNC:20597,HGNC:20597,NA,NA
MONDO:0060578,phenotype,http://purl.obolibrary.org/obo/MONDO_0060578,MONDO:0060578,MONDO:0060578,NA,NA
MONDO:0007163,phenotype,http://purl.obolibrary.org/obo/MONDO_0007163,MONDO:0007163,MONDO:0007163,NA,NA
HP:0000473,phenotype,http://purl.obolibrary.org/obo/HP_0000473,HP:0000473,HP:0000473,NA,NA
HGNC:20856,gene,https://identifiers.org/HGNC:20856,HGNC:20856,HGNC:20856,NA,NA
HP:0012048,phenotype,http://purl.obolibrary.org/obo/HP_0012048,HP:0012048,HP:0012048,NA,NA
HGNC:2079,gene,https://identifiers.org/HGNC:2079,HGNC:2079,HGNC:2079,NA,NA
MONDO:0010466,phenotype,http://purl.obolibrary.org/obo/MONDO_0010466,MONDO:0010466,MONDO:0010466,NA,NA
MONDO:0013813,phenotype,http://purl.obolibrary.org/obo/MONDO_0013813,MONDO:0013813,MONDO:0013813,NA,NA
HP:0012049,phenotype,http://purl.obolibrary.org/obo/HP_0012049,HP:0012049,HP:0012049,NA,NA
HGNC:6180,gene,https://identifiers.org/HGNC:6180,HGNC:6180,HGNC:6180,NA,NA
MONDO:0007493,phenotype,http://purl.obolibrary.org/obo/MONDO_0007493,MONDO:0007493,MONDO:0007493,NA,NA
HP:0007325,phenotype,http://purl.obolibrary.org/obo/HP_0007325,HP:0007325,HP:0007325,NA,NA
HGNC:5144,gene,https://identifiers.org/HGNC:5144,HGNC:5144,HGNC:5144,NA,NA
MONDO:0009281,phenotype,http://purl.obolibrary.org/obo/MONDO_0009281,MONDO:0009281,MONDO:0009281,NA,NA
MONDO:0060759,phenotype,http://purl.obolibrary.org/obo/MONDO_0060759,MONDO:0060759,MONDO:0060759,NA,NA
HGNC:3151,gene,https://identifiers.org/HGNC:3151,HGNC:3151,HGNC:3151,NA,NA
MONDO:0014512,phenotype,http://purl.obolibrary.org/obo/MONDO_0014512,MONDO:0014512,MONDO:0014512,NA,NA
MONDO:0033367,phenotype,http://purl.obolibrary.org/obo/MONDO_0033367,MONDO:0033367,MONDO:0033367,NA,NA
MONDO:0015004,phenotype,http://purl.obolibrary.org/obo/MONDO_0015004,MONDO:0015004,MONDO:0015004,NA,NA
MONDO:0010100,phenotype,http://purl.obolibrary.org/obo/MONDO_0010100,MONDO:0010100,MONDO:0010100,NA,NA
HGNC:9039,gene,https://identifiers.org/HGNC:9039,HGNC:9039,HGNC:9039,NA,NA
HGNC:11758,gene,https://identifiers.org/HGNC:11758,HGNC:11758,HGNC:11758,NA,NA
MONDO:0007739,phenotype,http://purl.obolibrary.org/obo/MONDO_0007739,MONDO:0007739,MONDO:0007739,NA,NA
HP:0002141,phenotype,http://purl.obolibrary.org/obo/HP_0002141,HP:0002141,HP:0002141,NA,NA
MONDO:0014882,phenotype,http://purl.obolibrary.org/obo/MONDO_0014882,MONDO:0014882,MONDO:0014882,NA,NA
HGNC:9701,gene,https://identifiers.org/HGNC:9701,HGNC:9701,HGNC:9701,NA,NA
MONDO:0010080,phenotype,http://purl.obolibrary.org/obo/MONDO_0010080,MONDO:0010080,MONDO:0010080,NA,NA
MONDO:0018020,phenotype,http://purl.obolibrary.org/obo/MONDO_0018020,MONDO:0018020,MONDO:0018020,NA,NA
MONDO:0044714,phenotype,http://purl.obolibrary.org/obo/MONDO_0044714,MONDO:0044714,MONDO:0044714,NA,NA
MONDO:0007495,phenotype,http://purl.obolibrary.org/obo/MONDO_0007495,MONDO:0007495,MONDO:0007495,NA,NA
MONDO:0013638,phenotype,http://purl.obolibrary.org/obo/MONDO_0013638,MONDO:0013638,MONDO:0013638,NA,NA
HGNC:4982,gene,https://identifiers.org/HGNC:4982,HGNC:4982,HGNC:4982,NA,NA
HGNC:30348,gene,https://identifiers.org/HGNC:30348,HGNC:30348,HGNC:30348,NA,NA
HGNC:25705,gene,https://identifiers.org/HGNC:25705,HGNC:25705,HGNC:25705,NA,NA
MONDO:0017649,phenotype,http://purl.obolibrary.org/obo/MONDO_0017649,MONDO:0017649,MONDO:0017649,NA,NA
HP:0002451,phenotype,http://purl.obolibrary.org/obo/HP_0002451,HP:0002451,HP:0002451,NA,NA
HP:0001347,phenotype,http://purl.obolibrary.org/obo/HP_0001347,HP:0001347,HP:0001347,NA,NA
MONDO:0008722,phenotype,http://purl.obolibrary.org/obo/MONDO_0008722,MONDO:0008722,MONDO:0008722,NA,NA
MONDO:0011264,phenotype,http://purl.obolibrary.org/obo/MONDO_0011264,MONDO:0011264,MONDO:0011264,NA,NA
HP:0031008,phenotype,http://purl.obolibrary.org/obo/HP_0031008,HP:0031008,HP:0031008,NA,NA
MONDO:0018321,phenotype,http://purl.obolibrary.org/obo/MONDO_0018321,MONDO:0018321,MONDO:0018321,NA,NA
HGNC:21022,gene,https://identifiers.org/HGNC:21022,HGNC:21022,HGNC:21022,NA,NA
MONDO:0971063,phenotype,http://purl.obolibrary.org/obo/MONDO_0971063,MONDO:0971063,MONDO:0971063,NA,NA
HGNC:20609,gene,https://identifiers.org/HGNC:20609,HGNC:20609,HGNC:20609,NA,NA
MONDO:0011200,phenotype,http://purl.obolibrary.org/obo/MONDO_0011200,MONDO:0011200,MONDO:0011200,NA,NA
HP:0002356,phenotype,http://purl.obolibrary.org/obo/HP_0002356,HP:0002356,HP:0002356,NA,NA
MONDO:0014698,phenotype,http://purl.obolibrary.org/obo/MONDO_0014698,MONDO:0014698,MONDO:0014698,NA,NA
HGNC:14511,gene,https://identifiers.org/HGNC:14511,HGNC:14511,HGNC:14511,NA,NA
HGNC:20716,gene,https://identifiers.org/HGNC:20716,HGNC:20716,HGNC:20716,NA,NA
HGNC:20858,gene,https://identifiers.org/HGNC:20858,HGNC:20858,HGNC:20858,NA,NA
MONDO:0016855,phenotype,http://purl.obolibrary.org/obo/MONDO_0016855,MONDO:0016855,MONDO:0016855,NA,NA
HGNC:15984,gene,https://identifiers.org/HGNC:15984,HGNC:15984,HGNC:15984,NA,NA
MONDO:0060622,phenotype,http://purl.obolibrary.org/obo/MONDO_0060622,MONDO:0060622,MONDO:0060622,NA,NA
HP:0009088,phenotype,http://purl.obolibrary.org/obo/HP_0009088,HP:0009088,HP:0009088,NA,NA
MONDO:0012077,phenotype,http://purl.obolibrary.org/obo/MONDO_0012077,MONDO:0012077,MONDO:0012077,NA,NA
MONDO:0007435,phenotype,http://purl.obolibrary.org/obo/MONDO_0007435,MONDO:0007435,MONDO:0007435,NA,NA
HGNC:9302,gene,https://identifiers.org/HGNC:9302,HGNC:9302,HGNC:9302,NA,NA
MONDO:0010478,phenotype,http://purl.obolibrary.org/obo/MONDO_0010478,MONDO:0010478,MONDO:0010478,NA,NA
HP:0001304,phenotype,http://purl.obolibrary.org/obo/HP_0001304,HP:0001304,HP:0001304,NA,NA
MONDO:0014660,phenotype,http://purl.obolibrary.org/obo/MONDO_0014660,MONDO:0014660,MONDO:0014660,NA,NA
MONDO:0009165,phenotype,http://purl.obolibrary.org/obo/MONDO_0009165,MONDO:0009165,MONDO:0009165,NA,NA
HGNC:14584,gene,https://identifiers.org/HGNC:14584,HGNC:14584,HGNC:14584,NA,NA
MONDO:0011858,phenotype,http://purl.obolibrary.org/obo/MONDO_0011858,MONDO:0011858,MONDO:0011858,NA,NA
MONDO:0017593,phenotype,http://purl.obolibrary.org/obo/MONDO_0017593,MONDO:0017593,MONDO:0017593,NA,NA
HP:0031960,phenotype,http://purl.obolibrary.org/obo/HP_0031960,HP:0031960,HP:0031960,NA,NA
MONDO:0010830,phenotype,http://purl.obolibrary.org/obo/MONDO_0010830,MONDO:0010830,MONDO:0010830,NA,NA
HGNC:10193,gene,https://identifiers.org/HGNC:10193,HGNC:10193,HGNC:10193,NA,NA
MONDO:0018937,phenotype,http://purl.obolibrary.org/obo/MONDO_0018937,MONDO:0018937,MONDO:0018937,NA,NA
MONDO:0032648,phenotype,http://purl.obolibrary.org/obo/MONDO_0032648,MONDO:0032648,MONDO:0032648,NA,NA
HGNC:12856,gene,https://identifiers.org/HGNC:12856,HGNC:12856,HGNC:12856,NA,NA
MONDO:0014823,phenotype,http://purl.obolibrary.org/obo/MONDO_0014823,MONDO:0014823,MONDO:0014823,NA,NA
HGNC:1476,gene,https://identifiers.org/HGNC:1476,HGNC:1476,HGNC:1476,NA,NA
HGNC:31399,gene,https://identifiers.org/HGNC:31399,HGNC:31399,HGNC:31399,NA,NA
HP:0002529,phenotype,http://purl.obolibrary.org/obo/HP_0002529,HP:0002529,HP:0002529,NA,NA
MONDO:0859165,phenotype,http://purl.obolibrary.org/obo/MONDO_0859165,MONDO:0859165,MONDO:0859165,NA,NA
MONDO:0018644,phenotype,http://purl.obolibrary.org/obo/MONDO_0018644,MONDO:0018644,MONDO:0018644,NA,NA
HGNC:17359,gene,https://identifiers.org/HGNC:17359,HGNC:17359,HGNC:17359,NA,NA
HGNC:3061,gene,https://identifiers.org/HGNC:3061,HGNC:3061,HGNC:3061,NA,NA
MONDO:0011445,phenotype,http://purl.obolibrary.org/obo/MONDO_0011445,MONDO:0011445,MONDO:0011445,NA,NA
MONDO:0030990,phenotype,http://purl.obolibrary.org/obo/MONDO_0030990,MONDO:0030990,MONDO:0030990,NA,NA
MONDO:0016819,phenotype,http://purl.obolibrary.org/obo/MONDO_0016819,MONDO:0016819,MONDO:0016819,NA,NA
MONDO:0700089,phenotype,http://purl.obolibrary.org/obo/MONDO_0700089,MONDO:0700089,MONDO:0700089,NA,NA
HGNC:25355,gene,https://identifiers.org/HGNC:25355,HGNC:25355,HGNC:25355,NA,NA
MONDO:0016090,phenotype,http://purl.obolibrary.org/obo/MONDO_0016090,MONDO:0016090,MONDO:0016090,NA,NA
MONDO:0030312,phenotype,http://purl.obolibrary.org/obo/MONDO_0030312,MONDO:0030312,MONDO:0030312,NA,NA
HGNC:11079,gene,https://identifiers.org/HGNC:11079,HGNC:11079,HGNC:11079,NA,NA
HP:0006794,phenotype,http://purl.obolibrary.org/obo/HP_0006794,HP:0006794,HP:0006794,NA,NA
MONDO:0013552,phenotype,http://purl.obolibrary.org/obo/MONDO_0013552,MONDO:0013552,MONDO:0013552,NA,NA
MONDO:0014949,phenotype,http://purl.obolibrary.org/obo/MONDO_0014949,MONDO:0014949,MONDO:0014949,NA,NA
MONDO:0014561,phenotype,http://purl.obolibrary.org/obo/MONDO_0014561,MONDO:0014561,MONDO:0014561,NA,NA
MONDO:0013977,phenotype,http://purl.obolibrary.org/obo/MONDO_0013977,MONDO:0013977,MONDO:0013977,NA,NA
MONDO:0958235,phenotype,http://purl.obolibrary.org/obo/MONDO_0958235,MONDO:0958235,MONDO:0958235,NA,NA
HP:0000496,phenotype,http://purl.obolibrary.org/obo/HP_0000496,HP:0000496,HP:0000496,NA,NA
MONDO:0014364,phenotype,http://purl.obolibrary.org/obo/MONDO_0014364,MONDO:0014364,MONDO:0014364,NA,NA
MONDO:0044701,phenotype,http://purl.obolibrary.org/obo/MONDO_0044701,MONDO:0044701,MONDO:0044701,NA,NA
MONDO:0009685,phenotype,http://purl.obolibrary.org/obo/MONDO_0009685,MONDO:0009685,MONDO:0009685,NA,NA
MONDO:0011706,phenotype,http://purl.obolibrary.org/obo/MONDO_0011706,MONDO:0011706,MONDO:0011706,NA,NA
MONDO:0014733,phenotype,http://purl.obolibrary.org/obo/MONDO_0014733,MONDO:0014733,MONDO:0014733,NA,NA
MONDO:0010305,phenotype,http://purl.obolibrary.org/obo/MONDO_0010305,MONDO:0010305,MONDO:0010305,NA,NA
MONDO:0100531,phenotype,http://purl.obolibrary.org/obo/MONDO_0100531,MONDO:0100531,MONDO:0100531,NA,NA
MONDO:0054785,phenotype,http://purl.obolibrary.org/obo/MONDO_0054785,MONDO:0054785,MONDO:0054785,NA,NA
MONDO:0008759,phenotype,http://purl.obolibrary.org/obo/MONDO_0008759,MONDO:0008759,MONDO:0008759,NA,NA
MONDO:0010099,phenotype,http://purl.obolibrary.org/obo/MONDO_0010099,MONDO:0010099,MONDO:0010099,NA,NA
MONDO:0012400,phenotype,http://purl.obolibrary.org/obo/MONDO_0012400,MONDO:0012400,MONDO:0012400,NA,NA
MONDO:0018724,phenotype,http://purl.obolibrary.org/obo/MONDO_0018724,MONDO:0018724,MONDO:0018724,NA,NA
MONDO:0014510,phenotype,http://purl.obolibrary.org/obo/MONDO_0014510,MONDO:0014510,MONDO:0014510,NA,NA
HGNC:12649,gene,https://identifiers.org/HGNC:12649,HGNC:12649,HGNC:12649,NA,NA
HGNC:13308,gene,https://identifiers.org/HGNC:13308,HGNC:13308,HGNC:13308,NA,NA
MONDO:0020790,phenotype,http://purl.obolibrary.org/obo/MONDO_0020790,MONDO:0020790,MONDO:0020790,NA,NA
MONDO:0013989,phenotype,http://purl.obolibrary.org/obo/MONDO_0013989,MONDO:0013989,MONDO:0013989,NA,NA
HP:0006915,phenotype,http://purl.obolibrary.org/obo/HP_0006915,HP:0006915,HP:0006915,NA,NA
HGNC:13433,gene,https://identifiers.org/HGNC:13433,HGNC:13433,HGNC:13433,NA,NA
MONDO:0010500,phenotype,http://purl.obolibrary.org/obo/MONDO_0010500,MONDO:0010500,MONDO:0010500,NA,NA
MONDO:0030958,phenotype,http://purl.obolibrary.org/obo/MONDO_0030958,MONDO:0030958,MONDO:0030958,NA,NA
MONDO:0019019,phenotype,http://purl.obolibrary.org/obo/MONDO_0019019,MONDO:0019019,MONDO:0019019,NA,NA
MONDO:0010983,phenotype,http://purl.obolibrary.org/obo/MONDO_0010983,MONDO:0010983,MONDO:0010983,NA,NA
HGNC:6946,gene,https://identifiers.org/HGNC:6946,HGNC:6946,HGNC:6946,NA,NA
MONDO:0014506,phenotype,http://purl.obolibrary.org/obo/MONDO_0014506,MONDO:0014506,MONDO:0014506,NA,NA
MONDO:0011823,phenotype,http://purl.obolibrary.org/obo/MONDO_0011823,MONDO:0011823,MONDO:0011823,NA,NA
HP:0031959,phenotype,http://purl.obolibrary.org/obo/HP_0031959,HP:0031959,HP:0031959,NA,NA
MONDO:0030922,phenotype,http://purl.obolibrary.org/obo/MONDO_0030922,MONDO:0030922,MONDO:0030922,NA,NA
MONDO:0030054,phenotype,http://purl.obolibrary.org/obo/MONDO_0030054,MONDO:0030054,MONDO:0030054,NA,NA
HP:0002591,phenotype,http://purl.obolibrary.org/obo/HP_0002591,HP:0002591,HP:0002591,NA,NA
MONDO:0014019,phenotype,http://purl.obolibrary.org/obo/MONDO_0014019,MONDO:0014019,MONDO:0014019,NA,NA
MONDO:0008200,phenotype,http://purl.obolibrary.org/obo/MONDO_0008200,MONDO:0008200,MONDO:0008200,NA,NA
MONDO:0018130,phenotype,http://purl.obolibrary.org/obo/MONDO_0018130,MONDO:0018130,MONDO:0018130,NA,NA
MONDO:0011663,phenotype,http://purl.obolibrary.org/obo/MONDO_0011663,MONDO:0011663,MONDO:0011663,NA,NA
HGNC:11953,gene,https://identifiers.org/HGNC:11953,HGNC:11953,HGNC:11953,NA,NA
HGNC:3098,gene,https://identifiers.org/HGNC:3098,HGNC:3098,HGNC:3098,NA,NA
HGNC:13586,gene,https://identifiers.org/HGNC:13586,HGNC:13586,HGNC:13586,NA,NA
HP:0000746,phenotype,http://purl.obolibrary.org/obo/HP_0000746,HP:0000746,HP:0000746,NA,NA
HGNC:7224,gene,https://identifiers.org/HGNC:7224,HGNC:7224,HGNC:7224,NA,NA
HGNC:12269,gene,https://identifiers.org/HGNC:12269,HGNC:12269,HGNC:12269,NA,NA
HGNC:6636,gene,https://identifiers.org/HGNC:6636,HGNC:6636,HGNC:6636,NA,NA
MONDO:0014562,phenotype,http://purl.obolibrary.org/obo/MONDO_0014562,MONDO:0014562,MONDO:0014562,NA,NA
HGNC:7565,gene,https://identifiers.org/HGNC:7565,HGNC:7565,HGNC:7565,NA,NA
HGNC:10809,gene,https://identifiers.org/HGNC:10809,HGNC:10809,HGNC:10809,NA,NA
MONDO:0010654,phenotype,http://purl.obolibrary.org/obo/MONDO_0010654,MONDO:0010654,MONDO:0010654,NA,NA
MONDO:0012084,phenotype,http://purl.obolibrary.org/obo/MONDO_0012084,MONDO:0012084,MONDO:0012084,NA,NA
HGNC:24587,gene,https://identifiers.org/HGNC:24587,HGNC:24587,HGNC:24587,NA,NA
HGNC:6291,gene,https://identifiers.org/HGNC:6291,HGNC:6291,HGNC:6291,NA,NA
MONDO:0017636,phenotype,http://purl.obolibrary.org/obo/MONDO_0017636,MONDO:0017636,MONDO:0017636,NA,NA
HGNC:1460,gene,https://identifiers.org/HGNC:1460,HGNC:1460,HGNC:1460,NA,NA
HGNC:16380,gene,https://identifiers.org/HGNC:16380,HGNC:16380,HGNC:16380,NA,NA
MONDO:0014736,phenotype,http://purl.obolibrary.org/obo/MONDO_0014736,MONDO:0014736,MONDO:0014736,NA,NA
MONDO:0013735,phenotype,http://purl.obolibrary.org/obo/MONDO_0013735,MONDO:0013735,MONDO:0013735,NA,NA
MONDO:0859189,phenotype,http://purl.obolibrary.org/obo/MONDO_0859189,MONDO:0859189,MONDO:0859189,NA,NA
MONDO:0012750,phenotype,http://purl.obolibrary.org/obo/MONDO_0012750,MONDO:0012750,MONDO:0012750,NA,NA
MONDO:0012474,phenotype,http://purl.obolibrary.org/obo/MONDO_0012474,MONDO:0012474,MONDO:0012474,NA,NA
MONDO:0013656,phenotype,http://purl.obolibrary.org/obo/MONDO_0013656,MONDO:0013656,MONDO:0013656,NA,NA
MONDO:0030920,phenotype,http://purl.obolibrary.org/obo/MONDO_0030920,MONDO:0030920,MONDO:0030920,NA,NA
MONDO:0013772,phenotype,http://purl.obolibrary.org/obo/MONDO_0013772,MONDO:0013772,MONDO:0013772,NA,NA
MONDO:0060629,phenotype,http://purl.obolibrary.org/obo/MONDO_0060629,MONDO:0060629,MONDO:0060629,NA,NA
HGNC:25072,gene,https://identifiers.org/HGNC:25072,HGNC:25072,HGNC:25072,NA,NA
MONDO:0014559,phenotype,http://purl.obolibrary.org/obo/MONDO_0014559,MONDO:0014559,MONDO:0014559,NA,NA
HP:0200136,phenotype,http://purl.obolibrary.org/obo/HP_0200136,HP:0200136,HP:0200136,NA,NA
HGNC:2377,gene,https://identifiers.org/HGNC:2377,HGNC:2377,HGNC:2377,NA,NA
MONDO:0007182,phenotype,http://purl.obolibrary.org/obo/MONDO_0007182,MONDO:0007182,MONDO:0007182,NA,NA
HGNC:19321,gene,https://identifiers.org/HGNC:19321,HGNC:19321,HGNC:19321,NA,NA
MONDO:0016563,phenotype,http://purl.obolibrary.org/obo/MONDO_0016563,MONDO:0016563,MONDO:0016563,NA,NA
HP:0004373,phenotype,http://purl.obolibrary.org/obo/HP_0004373,HP:0004373,HP:0004373,NA,NA
HGNC:9537,gene,https://identifiers.org/HGNC:9537,HGNC:9537,HGNC:9537,NA,NA
MONDO:0013726,phenotype,http://purl.obolibrary.org/obo/MONDO_0013726,MONDO:0013726,MONDO:0013726,NA,NA
MONDO:0007483,phenotype,http://purl.obolibrary.org/obo/MONDO_0007483,MONDO:0007483,MONDO:0007483,NA,NA
HGNC:29682,gene,https://identifiers.org/HGNC:29682,HGNC:29682,HGNC:29682,NA,NA
MONDO:0013160,phenotype,http://purl.obolibrary.org/obo/MONDO_0013160,MONDO:0013160,MONDO:0013160,NA,NA
MONDO:0016814,phenotype,http://purl.obolibrary.org/obo/MONDO_0016814,MONDO:0016814,MONDO:0016814,NA,NA
MONDO:0013994,phenotype,http://purl.obolibrary.org/obo/MONDO_0013994,MONDO:0013994,MONDO:0013994,NA,NA
HGNC:443,gene,https://identifiers.org/HGNC:443,HGNC:443,HGNC:443,NA,NA
MONDO:0030455,phenotype,http://purl.obolibrary.org/obo/MONDO_0030455,MONDO:0030455,MONDO:0030455,NA,NA
HP:0012179,phenotype,http://purl.obolibrary.org/obo/HP_0012179,HP:0012179,HP:0012179,NA,NA
MONDO:0015003,phenotype,http://purl.obolibrary.org/obo/MONDO_0015003,MONDO:0015003,MONDO:0015003,NA,NA
MONDO:0030060,phenotype,http://purl.obolibrary.org/obo/MONDO_0030060,MONDO:0030060,MONDO:0030060,NA,NA
MONDO:0009502,phenotype,http://purl.obolibrary.org/obo/MONDO_0009502,MONDO:0009502,MONDO:0009502,NA,NA
HP:0002268,phenotype,http://purl.obolibrary.org/obo/HP_0002268,HP:0002268,HP:0002268,NA,NA
HGNC:6884,gene,https://identifiers.org/HGNC:6884,HGNC:6884,HGNC:6884,NA,NA
MONDO:0957788,phenotype,http://purl.obolibrary.org/obo/MONDO_0957788,MONDO:0957788,MONDO:0957788,NA,NA
MONDO:0054763,phenotype,http://purl.obolibrary.org/obo/MONDO_0054763,MONDO:0054763,MONDO:0054763,NA,NA
MONDO:0958009,phenotype,http://purl.obolibrary.org/obo/MONDO_0958009,MONDO:0958009,MONDO:0958009,NA,NA
MONDO:0011038,phenotype,http://purl.obolibrary.org/obo/MONDO_0011038,MONDO:0011038,MONDO:0011038,NA,NA
HGNC:8011,gene,https://identifiers.org/HGNC:8011,HGNC:8011,HGNC:8011,NA,NA
HGNC:9438,gene,https://identifiers.org/HGNC:9438,HGNC:9438,HGNC:9438,NA,NA
HGNC:3097,gene,https://identifiers.org/HGNC:3097,HGNC:3097,HGNC:3097,NA,NA
HGNC:24931,gene,https://identifiers.org/HGNC:24931,HGNC:24931,HGNC:24931,NA,NA
MONDO:0008199,phenotype,http://purl.obolibrary.org/obo/MONDO_0008199,MONDO:0008199,MONDO:0008199,NA,NA
HGNC:4433,gene,https://identifiers.org/HGNC:4433,HGNC:4433,HGNC:4433,NA,NA
MONDO:0007496,phenotype,http://purl.obolibrary.org/obo/MONDO_0007496,MONDO:0007496,MONDO:0007496,NA,NA
HGNC:26582,gene,https://identifiers.org/HGNC:26582,HGNC:26582,HGNC:26582,NA,NA
HGNC:7720,gene,https://identifiers.org/HGNC:7720,HGNC:7720,HGNC:7720,NA,NA
MONDO:0033373,phenotype,http://purl.obolibrary.org/obo/MONDO_0033373,MONDO:0033373,MONDO:0033373,NA,NA
MONDO:0016621,phenotype,http://purl.obolibrary.org/obo/MONDO_0016621,MONDO:0016621,MONDO:0016621,NA,NA
HGNC:14288,gene,https://identifiers.org/HGNC:14288,HGNC:14288,HGNC:14288,NA,NA
MONDO:0859200,phenotype,http://purl.obolibrary.org/obo/MONDO_0859200,MONDO:0859200,MONDO:0859200,NA,NA
MONDO:0014803,phenotype,http://purl.obolibrary.org/obo/MONDO_0014803,MONDO:0014803,MONDO:0014803,NA,NA
HP:0008945,phenotype,http://purl.obolibrary.org/obo/HP_0008945,HP:0008945,HP:0008945,NA,NA
MONDO:0100339,phenotype,http://purl.obolibrary.org/obo/MONDO_0100339,MONDO:0100339,MONDO:0100339,NA,NA
HP:0032005,phenotype,http://purl.obolibrary.org/obo/HP_0032005,HP:0032005,HP:0032005,NA,NA
HP:0001268,phenotype,http://purl.obolibrary.org/obo/HP_0001268,HP:0001268,HP:0001268,NA,NA
HGNC:3267,gene,https://identifiers.org/HGNC:3267,HGNC:3267,HGNC:3267,NA,NA
HGNC:3261,gene,https://identifiers.org/HGNC:3261,HGNC:3261,HGNC:3261,NA,NA
HGNC:10542,gene,https://identifiers.org/HGNC:10542,HGNC:10542,HGNC:10542,NA,NA
HGNC:15469,gene,https://identifiers.org/HGNC:15469,HGNC:15469,HGNC:15469,NA,NA
MONDO:0859215,phenotype,http://purl.obolibrary.org/obo/MONDO_0859215,MONDO:0859215,MONDO:0859215,NA,NA
MONDO:0017175,phenotype,http://purl.obolibrary.org/obo/MONDO_0017175,MONDO:0017175,MONDO:0017175,NA,NA
MONDO:0054835,phenotype,http://purl.obolibrary.org/obo/MONDO_0054835,MONDO:0054835,MONDO:0054835,NA,NA
HP:0010553,phenotype,http://purl.obolibrary.org/obo/HP_0010553,HP:0010553,HP:0010553,NA,NA
HGNC:28497,gene,https://identifiers.org/HGNC:28497,HGNC:28497,HGNC:28497,NA,NA
HGNC:6408,gene,https://identifiers.org/HGNC:6408,HGNC:6408,HGNC:6408,NA,NA
MONDO:0011897,phenotype,http://purl.obolibrary.org/obo/MONDO_0011897,MONDO:0011897,MONDO:0011897,NA,NA
MONDO:0008961,phenotype,http://purl.obolibrary.org/obo/MONDO_0008961,MONDO:0008961,MONDO:0008961,NA,NA
MONDO:0014017,phenotype,http://purl.obolibrary.org/obo/MONDO_0014017,MONDO:0014017,MONDO:0014017,NA,NA
HGNC:19693,gene,https://identifiers.org/HGNC:19693,HGNC:19693,HGNC:19693,NA,NA
HGNC:95,gene,https://identifiers.org/HGNC:95,HGNC:95,HGNC:95,NA,NA
HGNC:16791,gene,https://identifiers.org/HGNC:16791,HGNC:16791,HGNC:16791,NA,NA
HGNC:22954,gene,https://identifiers.org/HGNC:22954,HGNC:22954,HGNC:22954,NA,NA
HGNC:10541,gene,https://identifiers.org/HGNC:10541,HGNC:10541,HGNC:10541,NA,NA
MONDO:0010046,phenotype,http://purl.obolibrary.org/obo/MONDO_0010046,MONDO:0010046,MONDO:0010046,NA,NA
HGNC:21610,gene,https://identifiers.org/HGNC:21610,HGNC:21610,HGNC:21610,NA,NA
MONDO:0008453,phenotype,http://purl.obolibrary.org/obo/MONDO_0008453,MONDO:0008453,MONDO:0008453,NA,NA
MONDO:0016981,phenotype,http://purl.obolibrary.org/obo/MONDO_0016981,MONDO:0016981,MONDO:0016981,NA,NA
MONDO:0033368,phenotype,http://purl.obolibrary.org/obo/MONDO_0033368,MONDO:0033368,MONDO:0033368,NA,NA
HGNC:12509,gene,https://identifiers.org/HGNC:12509,HGNC:12509,HGNC:12509,NA,NA
MONDO:0975828,phenotype,http://purl.obolibrary.org/obo/MONDO_0975828,MONDO:0975828,MONDO:0975828,NA,NA
MONDO:0010092,phenotype,http://purl.obolibrary.org/obo/MONDO_0010092,MONDO:0010092,MONDO:0010092,NA,NA
HP:0001824,phenotype,http://purl.obolibrary.org/obo/HP_0001824,HP:0001824,HP:0001824,NA,NA
MONDO:0013959,phenotype,http://purl.obolibrary.org/obo/MONDO_0013959,MONDO:0013959,MONDO:0013959,NA,NA
HGNC:2719,gene,https://identifiers.org/HGNC:2719,HGNC:2719,HGNC:2719,NA,NA
MONDO:0014731,phenotype,http://purl.obolibrary.org/obo/MONDO_0014731,MONDO:0014731,MONDO:0014731,NA,NA
HGNC:10990,gene,https://identifiers.org/HGNC:10990,HGNC:10990,HGNC:10990,NA,NA
HGNC:1400,gene,https://identifiers.org/HGNC:1400,HGNC:1400,HGNC:1400,NA,NA
MONDO:0011076,phenotype,http://purl.obolibrary.org/obo/MONDO_0011076,MONDO:0011076,MONDO:0011076,NA,NA
MONDO:0017999,phenotype,http://purl.obolibrary.org/obo/MONDO_0017999,MONDO:0017999,MONDO:0017999,NA,NA
MONDO:0014718,phenotype,http://purl.obolibrary.org/obo/MONDO_0014718,MONDO:0014718,MONDO:0014718,NA,NA
MONDO:0014864,phenotype,http://purl.obolibrary.org/obo/MONDO_0014864,MONDO:0014864,MONDO:0014864,NA,NA
HGNC:19743,gene,https://identifiers.org/HGNC:19743,HGNC:19743,HGNC:19743,NA,NA
HGNC:851,gene,https://identifiers.org/HGNC:851,HGNC:851,HGNC:851,NA,NA
MONDO:0014065,phenotype,http://purl.obolibrary.org/obo/MONDO_0014065,MONDO:0014065,MONDO:0014065,NA,NA
MONDO:0032784,phenotype,http://purl.obolibrary.org/obo/MONDO_0032784,MONDO:0032784,MONDO:0032784,NA,NA
HGNC:20582,gene,https://identifiers.org/HGNC:20582,HGNC:20582,HGNC:20582,NA,NA
HGNC:1356,gene,https://identifiers.org/HGNC:1356,HGNC:1356,HGNC:1356,NA,NA
MONDO:0859282,phenotype,http://purl.obolibrary.org/obo/MONDO_0859282,MONDO:0859282,MONDO:0859282,NA,NA
MONDO:0013485,phenotype,http://purl.obolibrary.org/obo/MONDO_0013485,MONDO:0013485,MONDO:0013485,NA,NA
HGNC:29812,gene,https://identifiers.org/HGNC:29812,HGNC:29812,HGNC:29812,NA,NA
HGNC:23230,gene,https://identifiers.org/HGNC:23230,HGNC:23230,HGNC:23230,NA,NA
MONDO:0009908,phenotype,http://purl.obolibrary.org/obo/MONDO_0009908,MONDO:0009908,MONDO:0009908,NA,NA
MONDO:0014916,phenotype,http://purl.obolibrary.org/obo/MONDO_0014916,MONDO:0014916,MONDO:0014916,NA,NA
MONDO:0009341,phenotype,http://purl.obolibrary.org/obo/MONDO_0009341,MONDO:0009341,MONDO:0009341,NA,NA
HGNC:29419,gene,https://identifiers.org/HGNC:29419,HGNC:29419,HGNC:29419,NA,NA
HGNC:7763,gene,https://identifiers.org/HGNC:7763,HGNC:7763,HGNC:7763,NA,NA
MONDO:0009625,phenotype,http://purl.obolibrary.org/obo/MONDO_0009625,MONDO:0009625,MONDO:0009625,NA,NA
MONDO:0017174,phenotype,http://purl.obolibrary.org/obo/MONDO_0017174,MONDO:0017174,MONDO:0017174,NA,NA
MONDO:0957588,phenotype,http://purl.obolibrary.org/obo/MONDO_0957588,MONDO:0957588,MONDO:0957588,NA,NA
MONDO:0014025,phenotype,http://purl.obolibrary.org/obo/MONDO_0014025,MONDO:0014025,MONDO:0014025,NA,NA
MONDO:0013150,phenotype,http://purl.obolibrary.org/obo/MONDO_0013150,MONDO:0013150,MONDO:0013150,NA,NA
MONDO:0014033,phenotype,http://purl.obolibrary.org/obo/MONDO_0014033,MONDO:0014033,MONDO:0014033,NA,NA
HGNC:30074,gene,https://identifiers.org/HGNC:30074,HGNC:30074,HGNC:30074,NA,NA
MONDO:0033045,phenotype,http://purl.obolibrary.org/obo/MONDO_0033045,MONDO:0033045,MONDO:0033045,NA,NA
HGNC:14630,gene,https://identifiers.org/HGNC:14630,HGNC:14630,HGNC:14630,NA,NA
HGNC:575,gene,https://identifiers.org/HGNC:575,HGNC:575,HGNC:575,NA,NA
HGNC:2212,gene,https://identifiers.org/HGNC:2212,HGNC:2212,HGNC:2212,NA,NA
MONDO:0025691,phenotype,http://purl.obolibrary.org/obo/MONDO_0025691,MONDO:0025691,MONDO:0025691,NA,NA
HGNC:19034,gene,https://identifiers.org/HGNC:19034,HGNC:19034,HGNC:19034,NA,NA
HP:0004408,phenotype,http://purl.obolibrary.org/obo/HP_0004408,HP:0004408,HP:0004408,NA,NA
HGNC:3513,gene,https://identifiers.org/HGNC:3513,HGNC:3513,HGNC:3513,NA,NA
MONDO:0012176,phenotype,http://purl.obolibrary.org/obo/MONDO_0012176,MONDO:0012176,MONDO:0012176,NA,NA
MONDO:0017221,phenotype,http://purl.obolibrary.org/obo/MONDO_0017221,MONDO:0017221,MONDO:0017221,NA,NA
MONDO:0009266,phenotype,http://purl.obolibrary.org/obo/MONDO_0009266,MONDO:0009266,MONDO:0009266,NA,NA
MONDO:0010997,phenotype,http://purl.obolibrary.org/obo/MONDO_0010997,MONDO:0010997,MONDO:0010997,NA,NA
HGNC:20286,gene,https://identifiers.org/HGNC:20286,HGNC:20286,HGNC:20286,NA,NA
MONDO:0044646,phenotype,http://purl.obolibrary.org/obo/MONDO_0044646,MONDO:0044646,MONDO:0044646,NA,NA
MONDO:0032807,phenotype,http://purl.obolibrary.org/obo/MONDO_0032807,MONDO:0032807,MONDO:0032807,NA,NA
MONDO:0010717,phenotype,http://purl.obolibrary.org/obo/MONDO_0010717,MONDO:0010717,MONDO:0010717,NA,NA
HP:0000737,phenotype,http://purl.obolibrary.org/obo/HP_0000737,HP:0000737,HP:0000737,NA,NA
MONDO:0014905,phenotype,http://purl.obolibrary.org/obo/MONDO_0014905,MONDO:0014905,MONDO:0014905,NA,NA
HGNC:13601,gene,https://identifiers.org/HGNC:13601,HGNC:13601,HGNC:13601,NA,NA
MONDO:0011844,phenotype,http://purl.obolibrary.org/obo/MONDO_0011844,MONDO:0011844,MONDO:0011844,NA,NA
HGNC:4367,gene,https://identifiers.org/HGNC:4367,HGNC:4367,HGNC:4367,NA,NA
HGNC:2295,gene,https://identifiers.org/HGNC:2295,HGNC:2295,HGNC:2295,NA,NA
MONDO:0012614,phenotype,http://purl.obolibrary.org/obo/MONDO_0012614,MONDO:0012614,MONDO:0012614,NA,NA
MONDO:0030513,phenotype,http://purl.obolibrary.org/obo/MONDO_0030513,MONDO:0030513,MONDO:0030513,NA,NA
HGNC:11968,gene,https://identifiers.org/HGNC:11968,HGNC:11968,HGNC:11968,NA,NA
MONDO:0859296,phenotype,http://purl.obolibrary.org/obo/MONDO_0859296,MONDO:0859296,MONDO:0859296,NA,NA
MONDO:0008695,phenotype,http://purl.obolibrary.org/obo/MONDO_0008695,MONDO:0008695,MONDO:0008695,NA,NA
HGNC:37234,gene,https://identifiers.org/HGNC:37234,HGNC:37234,HGNC:37234,NA,NA
HP:0031843,phenotype,http://purl.obolibrary.org/obo/HP_0031843,HP:0031843,HP:0031843,NA,NA
MONDO:0013178,phenotype,http://purl.obolibrary.org/obo/MONDO_0013178,MONDO:0013178,MONDO:0013178,NA,NA
MONDO:0011534,phenotype,http://purl.obolibrary.org/obo/MONDO_0011534,MONDO:0011534,MONDO:0011534,NA,NA
MONDO:0060624,phenotype,http://purl.obolibrary.org/obo/MONDO_0060624,MONDO:0060624,MONDO:0060624,NA,NA
MONDO:0013905,phenotype,http://purl.obolibrary.org/obo/MONDO_0013905,MONDO:0013905,MONDO:0013905,NA,NA
HP:0001250,phenotype,http://purl.obolibrary.org/obo/HP_0001250,HP:0001250,HP:0001250,NA,NA
HGNC:4507,gene,https://identifiers.org/HGNC:4507,HGNC:4507,HGNC:4507,NA,NA
MONDO:0016019,phenotype,http://purl.obolibrary.org/obo/MONDO_0016019,MONDO:0016019,MONDO:0016019,NA,NA
HGNC:8607,gene,https://identifiers.org/HGNC:8607,HGNC:8607,HGNC:8607,NA,NA
MONDO:0029131,phenotype,http://purl.obolibrary.org/obo/MONDO_0029131,MONDO:0029131,MONDO:0029131,NA,NA
MONDO:0014209,phenotype,http://purl.obolibrary.org/obo/MONDO_0014209,MONDO:0014209,MONDO:0014209,NA,NA
MONDO:0011658,phenotype,http://purl.obolibrary.org/obo/MONDO_0011658,MONDO:0011658,MONDO:0011658,NA,NA
MONDO:0032755,phenotype,http://purl.obolibrary.org/obo/MONDO_0032755,MONDO:0032755,MONDO:0032755,NA,NA
HGNC:28662,gene,https://identifiers.org/HGNC:28662,HGNC:28662,HGNC:28662,NA,NA
HP:0003107,phenotype,http://purl.obolibrary.org/obo/HP_0003107,HP:0003107,HP:0003107,NA,NA
MONDO:0014223,phenotype,http://purl.obolibrary.org/obo/MONDO_0014223,MONDO:0014223,MONDO:0014223,NA,NA
MONDO:0054742,phenotype,http://purl.obolibrary.org/obo/MONDO_0054742,MONDO:0054742,MONDO:0054742,NA,NA
HGNC:14282,gene,https://identifiers.org/HGNC:14282,HGNC:14282,HGNC:14282,NA,NA
MONDO:0060621,phenotype,http://purl.obolibrary.org/obo/MONDO_0060621,MONDO:0060621,MONDO:0060621,NA,NA
HGNC:3418,gene,https://identifiers.org/HGNC:3418,HGNC:3418,HGNC:3418,NA,NA
HGNC:2092,gene,https://identifiers.org/HGNC:2092,HGNC:2092,HGNC:2092,NA,NA
HGNC:888,gene,https://identifiers.org/HGNC:888,HGNC:888,HGNC:888,NA,NA
HGNC:572,gene,https://identifiers.org/HGNC:572,HGNC:572,HGNC:572,NA,NA
MONDO:0030456,phenotype,http://purl.obolibrary.org/obo/MONDO_0030456,MONDO:0030456,MONDO:0030456,NA,NA
HGNC:10806,gene,https://identifiers.org/HGNC:10806,HGNC:10806,HGNC:10806,NA,NA
MONDO:0017224,phenotype,http://purl.obolibrary.org/obo/MONDO_0017224,MONDO:0017224,MONDO:0017224,NA,NA
HGNC:8857,gene,https://identifiers.org/HGNC:8857,HGNC:8857,HGNC:8857,NA,NA
MONDO:0009282,phenotype,http://purl.obolibrary.org/obo/MONDO_0009282,MONDO:0009282,MONDO:0009282,NA,NA
HGNC:6814,gene,https://identifiers.org/HGNC:6814,HGNC:6814,HGNC:6814,NA,NA
HGNC:132,gene,https://identifiers.org/HGNC:132,HGNC:132,HGNC:132,NA,NA
MONDO:0010664,phenotype,http://purl.obolibrary.org/obo/MONDO_0010664,MONDO:0010664,MONDO:0010664,NA,NA
HGNC:29361,gene,https://identifiers.org/HGNC:29361,HGNC:29361,HGNC:29361,NA,NA
HGNC:7225,gene,https://identifiers.org/HGNC:7225,HGNC:7225,HGNC:7225,NA,NA
MONDO:0029140,phenotype,http://purl.obolibrary.org/obo/MONDO_0029140,MONDO:0029140,MONDO:0029140,NA,NA
HGNC:3999,gene,https://identifiers.org/HGNC:3999,HGNC:3999,HGNC:3999,NA,NA
MONDO:0018163,phenotype,http://purl.obolibrary.org/obo/MONDO_0018163,MONDO:0018163,MONDO:0018163,NA,NA
MONDO:0009697,phenotype,http://purl.obolibrary.org/obo/MONDO_0009697,MONDO:0009697,MONDO:0009697,NA,NA
HGNC:7459,gene,https://identifiers.org/HGNC:7459,HGNC:7459,HGNC:7459,NA,NA
MONDO:0008152,phenotype,http://purl.obolibrary.org/obo/MONDO_0008152,MONDO:0008152,MONDO:0008152,NA,NA
HGNC:18119,gene,https://identifiers.org/HGNC:18119,HGNC:18119,HGNC:18119,NA,NA
HGNC:9249,gene,https://identifiers.org/HGNC:9249,HGNC:9249,HGNC:9249,NA,NA
MONDO:0009504,phenotype,http://purl.obolibrary.org/obo/MONDO_0009504,MONDO:0009504,MONDO:0009504,NA,NA
HGNC:236,gene,https://identifiers.org/HGNC:236,HGNC:236,HGNC:236,NA,NA
HGNC:6893,gene,https://identifiers.org/HGNC:6893,HGNC:6893,HGNC:6893,NA,NA
MONDO:0030878,phenotype,http://purl.obolibrary.org/obo/MONDO_0030878,MONDO:0030878,MONDO:0030878,NA,NA
HGNC:1392,gene,https://identifiers.org/HGNC:1392,HGNC:1392,HGNC:1392,NA,NA
MONDO:0018945,phenotype,http://purl.obolibrary.org/obo/MONDO_0018945,MONDO:0018945,MONDO:0018945,NA,NA
MONDO:0011629,phenotype,http://purl.obolibrary.org/obo/MONDO_0011629,MONDO:0011629,MONDO:0011629,NA,NA
HGNC:4193,gene,https://identifiers.org/HGNC:4193,HGNC:4193,HGNC:4193,NA,NA
HGNC:16255,gene,https://identifiers.org/HGNC:16255,HGNC:16255,HGNC:16255,NA,NA
MONDO:0054669,phenotype,http://purl.obolibrary.org/obo/MONDO_0054669,MONDO:0054669,MONDO:0054669,NA,NA
MONDO:0012514,phenotype,http://purl.obolibrary.org/obo/MONDO_0012514,MONDO:0012514,MONDO:0012514,NA,NA
HP:0031589,phenotype,http://purl.obolibrary.org/obo/HP_0031589,HP:0031589,HP:0031589,NA,NA
MONDO:0032656,phenotype,http://purl.obolibrary.org/obo/MONDO_0032656,MONDO:0032656,MONDO:0032656,NA,NA
MONDO:0014764,phenotype,http://purl.obolibrary.org/obo/MONDO_0014764,MONDO:0014764,MONDO:0014764,NA,NA
HGNC:11120,gene,https://identifiers.org/HGNC:11120,HGNC:11120,HGNC:11120,NA,NA
MONDO:0014848,phenotype,http://purl.obolibrary.org/obo/MONDO_0014848,MONDO:0014848,MONDO:0014848,NA,NA
HGNC:4574,gene,https://identifiers.org/HGNC:4574,HGNC:4574,HGNC:4574,NA,NA
MONDO:0018705,phenotype,http://purl.obolibrary.org/obo/MONDO_0018705,MONDO:0018705,MONDO:0018705,NA,NA
MONDO:0018931,phenotype,http://purl.obolibrary.org/obo/MONDO_0018931,MONDO:0018931,MONDO:0018931,NA,NA
MONDO:0014208,phenotype,http://purl.obolibrary.org/obo/MONDO_0014208,MONDO:0014208,MONDO:0014208,NA,NA
MONDO:0008583,phenotype,http://purl.obolibrary.org/obo/MONDO_0008583,MONDO:0008583,MONDO:0008583,NA,NA
HGNC:119,gene,https://identifiers.org/HGNC:119,HGNC:119,HGNC:119,NA,NA
HGNC:2896,gene,https://identifiers.org/HGNC:2896,HGNC:2896,HGNC:2896,NA,NA
HP:0030955,phenotype,http://purl.obolibrary.org/obo/HP_0030955,HP:0030955,HP:0030955,NA,NA
MONDO:0032622,phenotype,http://purl.obolibrary.org/obo/MONDO_0032622,MONDO:0032622,MONDO:0032622,NA,NA
MONDO:0010726,phenotype,http://purl.obolibrary.org/obo/MONDO_0010726,MONDO:0010726,MONDO:0010726,NA,NA
MONDO:0014656,phenotype,http://purl.obolibrary.org/obo/MONDO_0014656,MONDO:0014656,MONDO:0014656,NA,NA
MONDO:0013060,phenotype,http://purl.obolibrary.org/obo/MONDO_0013060,MONDO:0013060,MONDO:0013060,NA,NA
MONDO:0009319,phenotype,http://purl.obolibrary.org/obo/MONDO_0009319,MONDO:0009319,MONDO:0009319,NA,NA
HGNC:24928,gene,https://identifiers.org/HGNC:24928,HGNC:24928,HGNC:24928,NA,NA
MONDO:0032650,phenotype,http://purl.obolibrary.org/obo/MONDO_0032650,MONDO:0032650,MONDO:0032650,NA,NA
MONDO:0014497,phenotype,http://purl.obolibrary.org/obo/MONDO_0014497,MONDO:0014497,MONDO:0014497,NA,NA
HP:0002067,phenotype,http://purl.obolibrary.org/obo/HP_0002067,HP:0002067,HP:0002067,NA,NA
MONDO:0060711,phenotype,http://purl.obolibrary.org/obo/MONDO_0060711,MONDO:0060711,MONDO:0060711,NA,NA
MONDO:0054764,phenotype,http://purl.obolibrary.org/obo/MONDO_0054764,MONDO:0054764,MONDO:0054764,NA,NA
MONDO:0014295,phenotype,http://purl.obolibrary.org/obo/MONDO_0014295,MONDO:0014295,MONDO:0014295,NA,NA
MONDO:0010820,phenotype,http://purl.obolibrary.org/obo/MONDO_0010820,MONDO:0010820,MONDO:0010820,NA,NA
HGNC:9179,gene,https://identifiers.org/HGNC:9179,HGNC:9179,HGNC:9179,NA,NA
MONDO:0044326,phenotype,http://purl.obolibrary.org/obo/MONDO_0044326,MONDO:0044326,MONDO:0044326,NA,NA
HP:0045082,phenotype,http://purl.obolibrary.org/obo/HP_0045082,HP:0045082,HP:0045082,NA,NA
MONDO:0007068,phenotype,http://purl.obolibrary.org/obo/MONDO_0007068,MONDO:0007068,MONDO:0007068,NA,NA
MONDO:0020777,phenotype,http://purl.obolibrary.org/obo/MONDO_0020777,MONDO:0020777,MONDO:0020777,NA,NA
MONDO:0014877,phenotype,http://purl.obolibrary.org/obo/MONDO_0014877,MONDO:0014877,MONDO:0014877,NA,NA
MONDO:0008988,phenotype,http://purl.obolibrary.org/obo/MONDO_0008988,MONDO:0008988,MONDO:0008988,NA,NA
MONDO:0957267,phenotype,http://purl.obolibrary.org/obo/MONDO_0957267,MONDO:0957267,MONDO:0957267,NA,NA
MONDO:0010733,phenotype,http://purl.obolibrary.org/obo/MONDO_0010733,MONDO:0010733,MONDO:0010733,NA,NA
MONDO:0859212,phenotype,http://purl.obolibrary.org/obo/MONDO_0859212,MONDO:0859212,MONDO:0859212,NA,NA
MONDO:0008815,phenotype,http://purl.obolibrary.org/obo/MONDO_0008815,MONDO:0008815,MONDO:0008815,NA,NA
HGNC:28858,gene,https://identifiers.org/HGNC:28858,HGNC:28858,HGNC:28858,NA,NA
MONDO:0014296,phenotype,http://purl.obolibrary.org/obo/MONDO_0014296,MONDO:0014296,MONDO:0014296,NA,NA
HP:0040140,phenotype,http://purl.obolibrary.org/obo/HP_0040140,HP:0040140,HP:0040140,NA,NA
HGNC:890,gene,https://identifiers.org/HGNC:890,HGNC:890,HGNC:890,NA,NA
MONDO:0010457,phenotype,http://purl.obolibrary.org/obo/MONDO_0010457,MONDO:0010457,MONDO:0010457,NA,NA
MONDO:0032938,phenotype,http://purl.obolibrary.org/obo/MONDO_0032938,MONDO:0032938,MONDO:0032938,NA,NA
HP:0002375,phenotype,http://purl.obolibrary.org/obo/HP_0002375,HP:0002375,HP:0002375,NA,NA
HGNC:15999,gene,https://identifiers.org/HGNC:15999,HGNC:15999,HGNC:15999,NA,NA
HGNC:7690,gene,https://identifiers.org/HGNC:7690,HGNC:7690,HGNC:7690,NA,NA
HGNC:25443,gene,https://identifiers.org/HGNC:25443,HGNC:25443,HGNC:25443,NA,NA
HGNC:8853,gene,https://identifiers.org/HGNC:8853,HGNC:8853,HGNC:8853,NA,NA
HGNC:4117,gene,https://identifiers.org/HGNC:4117,HGNC:4117,HGNC:4117,NA,NA
MONDO:0014855,phenotype,http://purl.obolibrary.org/obo/MONDO_0014855,MONDO:0014855,MONDO:0014855,NA,NA
HGNC:8657,gene,https://identifiers.org/HGNC:8657,HGNC:8657,HGNC:8657,NA,NA
HGNC:16133,gene,https://identifiers.org/HGNC:16133,HGNC:16133,HGNC:16133,NA,NA
HP:0000657,phenotype,http://purl.obolibrary.org/obo/HP_0000657,HP:0000657,HP:0000657,NA,NA
HGNC:4584,gene,https://identifiers.org/HGNC:4584,HGNC:4584,HGNC:4584,NA,NA
MONDO:0971171,phenotype,http://purl.obolibrary.org/obo/MONDO_0971171,MONDO:0971171,MONDO:0971171,NA,NA
HGNC:18756,gene,https://identifiers.org/HGNC:18756,HGNC:18756,HGNC:18756,NA,NA
HGNC:2711,gene,https://identifiers.org/HGNC:2711,HGNC:2711,HGNC:2711,NA,NA
MONDO:0054791,phenotype,http://purl.obolibrary.org/obo/MONDO_0054791,MONDO:0054791,MONDO:0054791,NA,NA
HGNC:4082,gene,https://identifiers.org/HGNC:4082,HGNC:4082,HGNC:4082,NA,NA
HP:0001336,phenotype,http://purl.obolibrary.org/obo/HP_0001336,HP:0001336,HP:0001336,NA,NA
HGNC:1388,gene,https://identifiers.org/HGNC:1388,HGNC:1388,HGNC:1388,NA,NA
HGNC:4396,gene,https://identifiers.org/HGNC:4396,HGNC:4396,HGNC:4396,NA,NA
MONDO:0018149,phenotype,http://purl.obolibrary.org/obo/MONDO_0018149,MONDO:0018149,MONDO:0018149,NA,NA
HGNC:4388,gene,https://identifiers.org/HGNC:4388,HGNC:4388,HGNC:4388,NA,NA
HGNC:697,gene,https://identifiers.org/HGNC:697,HGNC:697,HGNC:697,NA,NA
HGNC:1396,gene,https://identifiers.org/HGNC:1396,HGNC:1396,HGNC:1396,NA,NA
MONDO:0020765,phenotype,http://purl.obolibrary.org/obo/MONDO_0020765,MONDO:0020765,MONDO:0020765,NA,NA
HP:0000726,phenotype,http://purl.obolibrary.org/obo/HP_0000726,HP:0000726,HP:0000726,NA,NA
MONDO:0011964,phenotype,http://purl.obolibrary.org/obo/MONDO_0011964,MONDO:0011964,MONDO:0011964,NA,NA
MONDO:0011925,phenotype,http://purl.obolibrary.org/obo/MONDO_0011925,MONDO:0011925,MONDO:0011925,NA,NA
HGNC:3046,gene,https://identifiers.org/HGNC:3046,HGNC:3046,HGNC:3046,NA,NA
MONDO:0014746,phenotype,http://purl.obolibrary.org/obo/MONDO_0014746,MONDO:0014746,MONDO:0014746,NA,NA
HGNC:32952,gene,https://identifiers.org/HGNC:32952,HGNC:32952,HGNC:32952,NA,NA
HGNC:25567,gene,https://identifiers.org/HGNC:25567,HGNC:25567,HGNC:25567,NA,NA
MONDO:0019681,phenotype,http://purl.obolibrary.org/obo/MONDO_0019681,MONDO:0019681,MONDO:0019681,NA,NA
MONDO:0018370,phenotype,http://purl.obolibrary.org/obo/MONDO_0018370,MONDO:0018370,MONDO:0018370,NA,NA
MONDO:0014290,phenotype,http://purl.obolibrary.org/obo/MONDO_0014290,MONDO:0014290,MONDO:0014290,NA,NA
MONDO:0012994,phenotype,http://purl.obolibrary.org/obo/MONDO_0012994,MONDO:0012994,MONDO:0012994,NA,NA
MONDO:0012789,phenotype,http://purl.obolibrary.org/obo/MONDO_0012789,MONDO:0012789,MONDO:0012789,NA,NA
HP:0002544,phenotype,http://purl.obolibrary.org/obo/HP_0002544,HP:0002544,HP:0002544,NA,NA
MONDO:0032606,phenotype,http://purl.obolibrary.org/obo/MONDO_0032606,MONDO:0032606,MONDO:0032606,NA,NA
MONDO:0033364,phenotype,http://purl.obolibrary.org/obo/MONDO_0033364,MONDO:0033364,MONDO:0033364,NA,NA
MONDO:0013674,phenotype,http://purl.obolibrary.org/obo/MONDO_0013674,MONDO:0013674,MONDO:0013674,NA,NA
HP:0002312,phenotype,http://purl.obolibrary.org/obo/HP_0002312,HP:0002312,HP:0002312,NA,NA
MONDO:0859179,phenotype,http://purl.obolibrary.org/obo/MONDO_0859179,MONDO:0859179,MONDO:0859179,NA,NA
HGNC:12666,gene,https://identifiers.org/HGNC:12666,HGNC:12666,HGNC:12666,NA,NA
MONDO:0010319,phenotype,http://purl.obolibrary.org/obo/MONDO_0010319,MONDO:0010319,MONDO:0010319,NA,NA
MONDO:0007078,phenotype,http://purl.obolibrary.org/obo/MONDO_0007078,MONDO:0007078,MONDO:0007078,NA,NA
MONDO:0011841,phenotype,http://purl.obolibrary.org/obo/MONDO_0011841,MONDO:0011841,MONDO:0011841,NA,NA
MONDO:0011487,phenotype,http://purl.obolibrary.org/obo/MONDO_0011487,MONDO:0011487,MONDO:0011487,NA,NA
MONDO:0014796,phenotype,http://purl.obolibrary.org/obo/MONDO_0014796,MONDO:0014796,MONDO:0014796,NA,NA
HGNC:12310,gene,https://identifiers.org/HGNC:12310,HGNC:12310,HGNC:12310,NA,NA
MONDO:0012791,phenotype,http://purl.obolibrary.org/obo/MONDO_0012791,MONDO:0012791,MONDO:0012791,NA,NA
MONDO:0009610,phenotype,http://purl.obolibrary.org/obo/MONDO_0009610,MONDO:0009610,MONDO:0009610,NA,NA
MONDO:0011970,phenotype,http://purl.obolibrary.org/obo/MONDO_0011970,MONDO:0011970,MONDO:0011970,NA,NA
MONDO:0014605,phenotype,http://purl.obolibrary.org/obo/MONDO_0014605,MONDO:0014605,MONDO:0014605,NA,NA
MONDO:0859201,phenotype,http://purl.obolibrary.org/obo/MONDO_0859201,MONDO:0859201,MONDO:0859201,NA,NA
HGNC:20,gene,https://identifiers.org/HGNC:20,HGNC:20,HGNC:20,NA,NA
MONDO:0008948,phenotype,http://purl.obolibrary.org/obo/MONDO_0008948,MONDO:0008948,MONDO:0008948,NA,NA
MONDO:0010578,phenotype,http://purl.obolibrary.org/obo/MONDO_0010578,MONDO:0010578,MONDO:0010578,NA,NA
MONDO:0007523,phenotype,http://purl.obolibrary.org/obo/MONDO_0007523,MONDO:0007523,MONDO:0007523,NA,NA
MONDO:0030805,phenotype,http://purl.obolibrary.org/obo/MONDO_0030805,MONDO:0030805,MONDO:0030805,NA,NA
MONDO:0008963,phenotype,http://purl.obolibrary.org/obo/MONDO_0008963,MONDO:0008963,MONDO:0008963,NA,NA
HP:0031845,phenotype,http://purl.obolibrary.org/obo/HP_0031845,HP:0031845,HP:0031845,NA,NA
MONDO:0012812,phenotype,http://purl.obolibrary.org/obo/MONDO_0012812,MONDO:0012812,MONDO:0012812,NA,NA
MONDO:0013550,phenotype,http://purl.obolibrary.org/obo/MONDO_0013550,MONDO:0013550,MONDO:0013550,NA,NA
HP:0002340,phenotype,http://purl.obolibrary.org/obo/HP_0002340,HP:0002340,HP:0002340,NA,NA
MONDO:0013907,phenotype,http://purl.obolibrary.org/obo/MONDO_0013907,MONDO:0013907,MONDO:0013907,NA,NA
MONDO:0012651,phenotype,http://purl.obolibrary.org/obo/MONDO_0012651,MONDO:0012651,MONDO:0012651,NA,NA
HGNC:2213,gene,https://identifiers.org/HGNC:2213,HGNC:2213,HGNC:2213,NA,NA
HGNC:9086,gene,https://identifiers.org/HGNC:9086,HGNC:9086,HGNC:9086,NA,NA
MONDO:0030974,phenotype,http://purl.obolibrary.org/obo/MONDO_0030974,MONDO:0030974,MONDO:0030974,NA,NA
HP:0002354,phenotype,http://purl.obolibrary.org/obo/HP_0002354,HP:0002354,HP:0002354,NA,NA
MONDO:0008840,phenotype,http://purl.obolibrary.org/obo/MONDO_0008840,MONDO:0008840,MONDO:0008840,NA,NA
MONDO:0010396,phenotype,http://purl.obolibrary.org/obo/MONDO_0010396,MONDO:0010396,MONDO:0010396,NA,NA
MONDO:0014601,phenotype,http://purl.obolibrary.org/obo/MONDO_0014601,MONDO:0014601,MONDO:0014601,NA,NA
MONDO:0859251,phenotype,http://purl.obolibrary.org/obo/MONDO_0859251,MONDO:0859251,MONDO:0859251,NA,NA
HGNC:14121,gene,https://identifiers.org/HGNC:14121,HGNC:14121,HGNC:14121,NA,NA
MONDO:0013272,phenotype,http://purl.obolibrary.org/obo/MONDO_0013272,MONDO:0013272,MONDO:0013272,NA,NA
MONDO:0859378,phenotype,http://purl.obolibrary.org/obo/MONDO_0859378,MONDO:0859378,MONDO:0859378,NA,NA
MONDO:0800044,phenotype,http://purl.obolibrary.org/obo/MONDO_0800044,MONDO:0800044,MONDO:0800044,NA,NA
MONDO:0054573,phenotype,http://purl.obolibrary.org/obo/MONDO_0054573,MONDO:0054573,MONDO:0054573,NA,NA
MONDO:0013970,phenotype,http://purl.obolibrary.org/obo/MONDO_0013970,MONDO:0013970,MONDO:0013970,NA,NA
MONDO:0007311,phenotype,http://purl.obolibrary.org/obo/MONDO_0007311,MONDO:0007311,MONDO:0007311,NA,NA
MONDO:0859257,phenotype,http://purl.obolibrary.org/obo/MONDO_0859257,MONDO:0859257,MONDO:0859257,NA,NA
HGNC:843,gene,https://identifiers.org/HGNC:843,HGNC:843,HGNC:843,NA,NA
MONDO:0013655,phenotype,http://purl.obolibrary.org/obo/MONDO_0013655,MONDO:0013655,MONDO:0013655,NA,NA
MONDO:0044641,phenotype,http://purl.obolibrary.org/obo/MONDO_0044641,MONDO:0044641,MONDO:0044641,NA,NA
MONDO:0018696,phenotype,http://purl.obolibrary.org/obo/MONDO_0018696,MONDO:0018696,MONDO:0018696,NA,NA
MONDO:0014676,phenotype,http://purl.obolibrary.org/obo/MONDO_0014676,MONDO:0014676,MONDO:0014676,NA,NA
MONDO:0014402,phenotype,http://purl.obolibrary.org/obo/MONDO_0014402,MONDO:0014402,MONDO:0014402,NA,NA
HGNC:8032,gene,https://identifiers.org/HGNC:8032,HGNC:8032,HGNC:8032,NA,NA
HGNC:4908,gene,https://identifiers.org/HGNC:4908,HGNC:4908,HGNC:4908,NA,NA
HGNC:2974,gene,https://identifiers.org/HGNC:2974,HGNC:2974,HGNC:2974,NA,NA
MONDO:0008767,phenotype,http://purl.obolibrary.org/obo/MONDO_0008767,MONDO:0008767,MONDO:0008767,NA,NA
MONDO:0011113,phenotype,http://purl.obolibrary.org/obo/MONDO_0011113,MONDO:0011113,MONDO:0011113,NA,NA
MONDO:0032621,phenotype,http://purl.obolibrary.org/obo/MONDO_0032621,MONDO:0032621,MONDO:0032621,NA,NA
MONDO:0014593,phenotype,http://purl.obolibrary.org/obo/MONDO_0014593,MONDO:0014593,MONDO:0014593,NA,NA
MONDO:0859287,phenotype,http://purl.obolibrary.org/obo/MONDO_0859287,MONDO:0859287,MONDO:0859287,NA,NA
HGNC:3259,gene,https://identifiers.org/HGNC:3259,HGNC:3259,HGNC:3259,NA,NA
HGNC:16831,gene,https://identifiers.org/HGNC:16831,HGNC:16831,HGNC:16831,NA,NA
MONDO:0013391,phenotype,http://purl.obolibrary.org/obo/MONDO_0013391,MONDO:0013391,MONDO:0013391,NA,NA
HP:0000716,phenotype,http://purl.obolibrary.org/obo/HP_0000716,HP:0000716,HP:0000716,NA,NA
MONDO:0013928,phenotype,http://purl.obolibrary.org/obo/MONDO_0013928,MONDO:0013928,MONDO:0013928,NA,NA
MONDO:0060641,phenotype,http://purl.obolibrary.org/obo/MONDO_0060641,MONDO:0060641,MONDO:0060641,NA,NA
HGNC:30595,gene,https://identifiers.org/HGNC:30595,HGNC:30595,HGNC:30595,NA,NA
HGNC:12729,gene,https://identifiers.org/HGNC:12729,HGNC:12729,HGNC:12729,NA,NA
MONDO:0011451,phenotype,http://purl.obolibrary.org/obo/MONDO_0011451,MONDO:0011451,MONDO:0011451,NA,NA
HGNC:28128,gene,https://identifiers.org/HGNC:28128,HGNC:28128,HGNC:28128,NA,NA
MONDO:0018131,phenotype,http://purl.obolibrary.org/obo/MONDO_0018131,MONDO:0018131,MONDO:0018131,NA,NA
MONDO:0011439,phenotype,http://purl.obolibrary.org/obo/MONDO_0011439,MONDO:0011439,MONDO:0011439,NA,NA
HP:0002530,phenotype,http://purl.obolibrary.org/obo/HP_0002530,HP:0002530,HP:0002530,NA,NA
HGNC:21034,gene,https://identifiers.org/HGNC:21034,HGNC:21034,HGNC:21034,NA,NA
MONDO:0019037,phenotype,http://purl.obolibrary.org/obo/MONDO_0019037,MONDO:0019037,MONDO:0019037,NA,NA
HGNC:801,gene,https://identifiers.org/HGNC:801,HGNC:801,HGNC:801,NA,NA
HGNC:19691,gene,https://identifiers.org/HGNC:19691,HGNC:19691,HGNC:19691,NA,NA
HGNC:11277,gene,https://identifiers.org/HGNC:11277,HGNC:11277,HGNC:11277,NA,NA
MONDO:0032817,phenotype,http://purl.obolibrary.org/obo/MONDO_0032817,MONDO:0032817,MONDO:0032817,NA,NA
MONDO:0019756,phenotype,http://purl.obolibrary.org/obo/MONDO_0019756,MONDO:0019756,MONDO:0019756,NA,NA
MONDO:0008178,phenotype,http://purl.obolibrary.org/obo/MONDO_0008178,MONDO:0008178,MONDO:0008178,NA,NA
MONDO:0009676,phenotype,http://purl.obolibrary.org/obo/MONDO_0009676,MONDO:0009676,MONDO:0009676,NA,NA
MONDO:0012895,phenotype,http://purl.obolibrary.org/obo/MONDO_0012895,MONDO:0012895,MONDO:0012895,NA,NA
MONDO:0014300,phenotype,http://purl.obolibrary.org/obo/MONDO_0014300,MONDO:0014300,MONDO:0014300,NA,NA
MONDO:0100218,phenotype,http://purl.obolibrary.org/obo/MONDO_0100218,MONDO:0100218,MONDO:0100218,NA,NA
MONDO:0014117,phenotype,http://purl.obolibrary.org/obo/MONDO_0014117,MONDO:0014117,MONDO:0014117,NA,NA
MONDO:0014958,phenotype,http://purl.obolibrary.org/obo/MONDO_0014958,MONDO:0014958,MONDO:0014958,NA,NA
HGNC:1152,gene,https://identifiers.org/HGNC:1152,HGNC:1152,HGNC:1152,NA,NA
MONDO:0012198,phenotype,http://purl.obolibrary.org/obo/MONDO_0012198,MONDO:0012198,MONDO:0012198,NA,NA
HGNC:713,gene,https://identifiers.org/HGNC:713,HGNC:713,HGNC:713,NA,NA
HGNC:6556,gene,https://identifiers.org/HGNC:6556,HGNC:6556,HGNC:6556,NA,NA
HGNC:10590,gene,https://identifiers.org/HGNC:10590,HGNC:10590,HGNC:10590,NA,NA
HGNC:16716,gene,https://identifiers.org/HGNC:16716,HGNC:16716,HGNC:16716,NA,NA
HGNC:26048,gene,https://identifiers.org/HGNC:26048,HGNC:26048,HGNC:26048,NA,NA
HP:0002066,phenotype,http://purl.obolibrary.org/obo/HP_0002066,HP:0002066,HP:0002066,NA,NA
MONDO:0013159,phenotype,http://purl.obolibrary.org/obo/MONDO_0013159,MONDO:0013159,MONDO:0013159,NA,NA
HGNC:2309,gene,https://identifiers.org/HGNC:2309,HGNC:2309,HGNC:2309,NA,NA
MONDO:0011829,phenotype,http://purl.obolibrary.org/obo/MONDO_0011829,MONDO:0011829,MONDO:0011829,NA,NA
MONDO:0030881,phenotype,http://purl.obolibrary.org/obo/MONDO_0030881,MONDO:0030881,MONDO:0030881,NA,NA
MONDO:0010551,phenotype,http://purl.obolibrary.org/obo/MONDO_0010551,MONDO:0010551,MONDO:0010551,NA,NA
HGNC:3033,gene,https://identifiers.org/HGNC:3033,HGNC:3033,HGNC:3033,NA,NA
MONDO:0012639,phenotype,http://purl.obolibrary.org/obo/MONDO_0012639,MONDO:0012639,MONDO:0012639,NA,NA
HGNC:10585,gene,https://identifiers.org/HGNC:10585,HGNC:10585,HGNC:10585,NA,NA
MONDO:0012756,phenotype,http://purl.obolibrary.org/obo/MONDO_0012756,MONDO:0012756,MONDO:0012756,NA,NA
MONDO:0009757,phenotype,http://purl.obolibrary.org/obo/MONDO_0009757,MONDO:0009757,MONDO:0009757,NA,NA
MONDO:0971172,phenotype,http://purl.obolibrary.org/obo/MONDO_0971172,MONDO:0971172,MONDO:0971172,NA,NA
MONDO:0859214,phenotype,http://purl.obolibrary.org/obo/MONDO_0859214,MONDO:0859214,MONDO:0859214,NA,NA
HGNC:1389,gene,https://identifiers.org/HGNC:1389,HGNC:1389,HGNC:1389,NA,NA
MONDO:0012125,phenotype,http://purl.obolibrary.org/obo/MONDO_0012125,MONDO:0012125,MONDO:0012125,NA,NA
MONDO:0054817,phenotype,http://purl.obolibrary.org/obo/MONDO_0054817,MONDO:0054817,MONDO:0054817,NA,NA
MONDO:0012117,phenotype,http://purl.obolibrary.org/obo/MONDO_0012117,MONDO:0012117,MONDO:0012117,NA,NA
MONDO:0032880,phenotype,http://purl.obolibrary.org/obo/MONDO_0032880,MONDO:0032880,MONDO:0032880,NA,NA
HGNC:445,gene,https://identifiers.org/HGNC:445,HGNC:445,HGNC:445,NA,NA
MONDO:0859152,phenotype,http://purl.obolibrary.org/obo/MONDO_0859152,MONDO:0859152,MONDO:0859152,NA,NA
MONDO:0014777,phenotype,http://purl.obolibrary.org/obo/MONDO_0014777,MONDO:0014777,MONDO:0014777,NA,NA
HGNC:15894,gene,https://identifiers.org/HGNC:15894,HGNC:15894,HGNC:15894,NA,NA
HGNC:15840,gene,https://identifiers.org/HGNC:15840,HGNC:15840,HGNC:15840,NA,NA
MONDO:0009949,phenotype,http://purl.obolibrary.org/obo/MONDO_0009949,MONDO:0009949,MONDO:0009949,NA,NA
MONDO:0014231,phenotype,http://purl.obolibrary.org/obo/MONDO_0014231,MONDO:0014231,MONDO:0014231,NA,NA
MONDO:0033613,phenotype,http://purl.obolibrary.org/obo/MONDO_0033613,MONDO:0033613,MONDO:0033613,NA,NA
MONDO:0032636,phenotype,http://purl.obolibrary.org/obo/MONDO_0032636,MONDO:0032636,MONDO:0032636,NA,NA
HGNC:11005,gene,https://identifiers.org/HGNC:11005,HGNC:11005,HGNC:11005,NA,NA
MONDO:0010773,phenotype,http://purl.obolibrary.org/obo/MONDO_0010773,MONDO:0010773,MONDO:0010773,NA,NA
HP:0010794,phenotype,http://purl.obolibrary.org/obo/HP_0010794,HP:0010794,HP:0010794,NA,NA
MONDO:0033369,phenotype,http://purl.obolibrary.org/obo/MONDO_0033369,MONDO:0033369,MONDO:0033369,NA,NA
HGNC:12651,gene,https://identifiers.org/HGNC:12651,HGNC:12651,HGNC:12651,NA,NA
MONDO:0060664,phenotype,http://purl.obolibrary.org/obo/MONDO_0060664,MONDO:0060664,MONDO:0060664,NA,NA
MONDO:0011886,phenotype,http://purl.obolibrary.org/obo/MONDO_0011886,MONDO:0011886,MONDO:0011886,NA,NA
MONDO:0016418,phenotype,http://purl.obolibrary.org/obo/MONDO_0016418,MONDO:0016418,MONDO:0016418,NA,NA
MONDO:0011569,phenotype,http://purl.obolibrary.org/obo/MONDO_0011569,MONDO:0011569,MONDO:0011569,NA,NA
MONDO:0034121,phenotype,http://purl.obolibrary.org/obo/MONDO_0034121,MONDO:0034121,MONDO:0034121,NA,NA
MONDO:0016304,phenotype,http://purl.obolibrary.org/obo/MONDO_0016304,MONDO:0016304,MONDO:0016304,NA,NA
MONDO:0014474,phenotype,http://purl.obolibrary.org/obo/MONDO_0014474,MONDO:0014474,MONDO:0014474,NA,NA
HGNC:11448,gene,https://identifiers.org/HGNC:11448,HGNC:11448,HGNC:11448,NA,NA
HGNC:2494,gene,https://identifiers.org/HGNC:2494,HGNC:2494,HGNC:2494,NA,NA
HGNC:7714,gene,https://identifiers.org/HGNC:7714,HGNC:7714,HGNC:7714,NA,NA
MONDO:0011627,phenotype,http://purl.obolibrary.org/obo/MONDO_0011627,MONDO:0011627,MONDO:0011627,NA,NA
HGNC:14583,gene,https://identifiers.org/HGNC:14583,HGNC:14583,HGNC:14583,NA,NA
MONDO:0975796,phenotype,http://purl.obolibrary.org/obo/MONDO_0975796,MONDO:0975796,MONDO:0975796,NA,NA
HGNC:23089,gene,https://identifiers.org/HGNC:23089,HGNC:23089,HGNC:23089,NA,NA
MONDO:0015025,phenotype,http://purl.obolibrary.org/obo/MONDO_0015025,MONDO:0015025,MONDO:0015025,NA,NA
HGNC:11138,gene,https://identifiers.org/HGNC:11138,HGNC:11138,HGNC:11138,NA,NA
MONDO:0020762,phenotype,http://purl.obolibrary.org/obo/MONDO_0020762,MONDO:0020762,MONDO:0020762,NA,NA
MONDO:0012277,phenotype,http://purl.obolibrary.org/obo/MONDO_0012277,MONDO:0012277,MONDO:0012277,NA,NA
MONDO:0018204,phenotype,http://purl.obolibrary.org/obo/MONDO_0018204,MONDO:0018204,MONDO:0018204,NA,NA
HGNC:17358,gene,https://identifiers.org/HGNC:17358,HGNC:17358,HGNC:17358,NA,NA
MONDO:0033864,phenotype,http://purl.obolibrary.org/obo/MONDO_0033864,MONDO:0033864,MONDO:0033864,NA,NA
HGNC:25576,gene,https://identifiers.org/HGNC:25576,HGNC:25576,HGNC:25576,NA,NA
MONDO:0014975,phenotype,http://purl.obolibrary.org/obo/MONDO_0014975,MONDO:0014975,MONDO:0014975,NA,NA
MONDO:0957382,phenotype,http://purl.obolibrary.org/obo/MONDO_0957382,MONDO:0957382,MONDO:0957382,NA,NA
HGNC:10683,gene,https://identifiers.org/HGNC:10683,HGNC:10683,HGNC:10683,NA,NA
MONDO:0019757,phenotype,http://purl.obolibrary.org/obo/MONDO_0019757,MONDO:0019757,MONDO:0019757,NA,NA
HGNC:2211,gene,https://identifiers.org/HGNC:2211,HGNC:2211,HGNC:2211,NA,NA
HGNC:16287,gene,https://identifiers.org/HGNC:16287,HGNC:16287,HGNC:16287,NA,NA
HGNC:11474,gene,https://identifiers.org/HGNC:11474,HGNC:11474,HGNC:11474,NA,NA
MONDO:0007492,phenotype,http://purl.obolibrary.org/obo/MONDO_0007492,MONDO:0007492,MONDO:0007492,NA,NA
HGNC:29594,gene,https://identifiers.org/HGNC:29594,HGNC:29594,HGNC:29594,NA,NA
MONDO:0012215,phenotype,http://purl.obolibrary.org/obo/MONDO_0012215,MONDO:0012215,MONDO:0012215,NA,NA
MONDO:0032726,phenotype,http://purl.obolibrary.org/obo/MONDO_0032726,MONDO:0032726,MONDO:0032726,NA,NA
MONDO:0014782,phenotype,http://purl.obolibrary.org/obo/MONDO_0014782,MONDO:0014782,MONDO:0014782,NA,NA
HP:0002171,phenotype,http://purl.obolibrary.org/obo/HP_0002171,HP:0002171,HP:0002171,NA,NA
MONDO:0011638,phenotype,http://purl.obolibrary.org/obo/MONDO_0011638,MONDO:0011638,MONDO:0011638,NA,NA
MONDO:0016759,phenotype,http://purl.obolibrary.org/obo/MONDO_0016759,MONDO:0016759,MONDO:0016759,NA,NA
MONDO:0014063,phenotype,http://purl.obolibrary.org/obo/MONDO_0014063,MONDO:0014063,MONDO:0014063,NA,NA
HP:0002300,phenotype,http://purl.obolibrary.org/obo/HP_0002300,HP:0002300,HP:0002300,NA,NA
MONDO:0032624,phenotype,http://purl.obolibrary.org/obo/MONDO_0032624,MONDO:0032624,MONDO:0032624,NA,NA
MONDO:0014962,phenotype,http://purl.obolibrary.org/obo/MONDO_0014962,MONDO:0014962,MONDO:0014962,NA,NA
MONDO:0009352,phenotype,http://purl.obolibrary.org/obo/MONDO_0009352,MONDO:0009352,MONDO:0009352,NA,NA
HP:0031473,phenotype,http://purl.obolibrary.org/obo/HP_0031473,HP:0031473,HP:0031473,NA,NA
HGNC:11055,gene,https://identifiers.org/HGNC:11055,HGNC:11055,HGNC:11055,NA,NA
MONDO:1060108,phenotype,http://purl.obolibrary.org/obo/MONDO_1060108,MONDO:1060108,MONDO:1060108,NA,NA
MONDO:0009141,phenotype,http://purl.obolibrary.org/obo/MONDO_0009141,MONDO:0009141,MONDO:0009141,NA,NA
MONDO:0044304,phenotype,http://purl.obolibrary.org/obo/MONDO_0044304,MONDO:0044304,MONDO:0044304,NA,NA
MONDO:0859301,phenotype,http://purl.obolibrary.org/obo/MONDO_0859301,MONDO:0859301,MONDO:0859301,NA,NA
MONDO:0014024,phenotype,http://purl.obolibrary.org/obo/MONDO_0014024,MONDO:0014024,MONDO:0014024,NA,NA
MONDO:0009805,phenotype,http://purl.obolibrary.org/obo/MONDO_0009805,MONDO:0009805,MONDO:0009805,NA,NA
MONDO:0014766,phenotype,http://purl.obolibrary.org/obo/MONDO_0014766,MONDO:0014766,MONDO:0014766,NA,NA
HGNC:21061,gene,https://identifiers.org/HGNC:21061,HGNC:21061,HGNC:21061,NA,NA
MONDO:0011551,phenotype,http://purl.obolibrary.org/obo/MONDO_0011551,MONDO:0011551,MONDO:0011551,NA,NA
MONDO:0030486,phenotype,http://purl.obolibrary.org/obo/MONDO_0030486,MONDO:0030486,MONDO:0030486,NA,NA
MONDO:0032780,phenotype,http://purl.obolibrary.org/obo/MONDO_0032780,MONDO:0032780,MONDO:0032780,NA,NA
MONDO:0859207,phenotype,http://purl.obolibrary.org/obo/MONDO_0859207,MONDO:0859207,MONDO:0859207,NA,NA
MONDO:0968979,phenotype,http://purl.obolibrary.org/obo/MONDO_0968979,MONDO:0968979,MONDO:0968979,NA,NA
HGNC:12643,gene,https://identifiers.org/HGNC:12643,HGNC:12643,HGNC:12643,NA,NA
HGNC:13830,gene,https://identifiers.org/HGNC:13830,HGNC:13830,HGNC:13830,NA,NA
MONDO:0018278,phenotype,http://purl.obolibrary.org/obo/MONDO_0018278,MONDO:0018278,MONDO:0018278,NA,NA
MONDO:0014464,phenotype,http://purl.obolibrary.org/obo/MONDO_0014464,MONDO:0014464,MONDO:0014464,NA,NA
MONDO:0060704,phenotype,http://purl.obolibrary.org/obo/MONDO_0060704,MONDO:0060704,MONDO:0060704,NA,NA
MONDO:0014243,phenotype,http://purl.obolibrary.org/obo/MONDO_0014243,MONDO:0014243,MONDO:0014243,NA,NA
MONDO:0957218,phenotype,http://purl.obolibrary.org/obo/MONDO_0957218,MONDO:0957218,MONDO:0957218,NA,NA
HGNC:17284,gene,https://identifiers.org/HGNC:17284,HGNC:17284,HGNC:17284,NA,NA
HGNC:15717,gene,https://identifiers.org/HGNC:15717,HGNC:15717,HGNC:15717,NA,NA
MONDO:0010258,phenotype,http://purl.obolibrary.org/obo/MONDO_0010258,MONDO:0010258,MONDO:0010258,NA,NA
HGNC:17258,gene,https://identifiers.org/HGNC:17258,HGNC:17258,HGNC:17258,NA,NA
MONDO:0020632,phenotype,http://purl.obolibrary.org/obo/MONDO_0020632,MONDO:0020632,MONDO:0020632,NA,NA
MONDO:0009130,phenotype,http://purl.obolibrary.org/obo/MONDO_0009130,MONDO:0009130,MONDO:0009130,NA,NA
HP:0007010,phenotype,http://purl.obolibrary.org/obo/HP_0007010,HP:0007010,HP:0007010,NA,NA
MONDO:0020766,phenotype,http://purl.obolibrary.org/obo/MONDO_0020766,MONDO:0020766,MONDO:0020766,NA,NA
MONDO:0014648,phenotype,http://purl.obolibrary.org/obo/MONDO_0014648,MONDO:0014648,MONDO:0014648,NA,NA
HGNC:1530,gene,https://identifiers.org/HGNC:1530,HGNC:1530,HGNC:1530,NA,NA
HGNC:4593,gene,https://identifiers.org/HGNC:4593,HGNC:4593,HGNC:4593,NA,NA
HP:0000751,phenotype,http://purl.obolibrary.org/obo/HP_0000751,HP:0000751,HP:0000751,NA,NA
MONDO:0958012,phenotype,http://purl.obolibrary.org/obo/MONDO_0958012,MONDO:0958012,MONDO:0958012,NA,NA
HP:0000734,phenotype,http://purl.obolibrary.org/obo/HP_0000734,HP:0000734,HP:0000734,NA,NA
HP:0002169,phenotype,http://purl.obolibrary.org/obo/HP_0002169,HP:0002169,HP:0002169,NA,NA
HGNC:4580,gene,https://identifiers.org/HGNC:4580,HGNC:4580,HGNC:4580,NA,NA
MONDO:0012664,phenotype,http://purl.obolibrary.org/obo/MONDO_0012664,MONDO:0012664,MONDO:0012664,NA,NA
MONDO:0859208,phenotype,http://purl.obolibrary.org/obo/MONDO_0859208,MONDO:0859208,MONDO:0859208,NA,NA
MONDO:0018002,phenotype,http://purl.obolibrary.org/obo/MONDO_0018002,MONDO:0018002,MONDO:0018002,NA,NA
MONDO:0060758,phenotype,http://purl.obolibrary.org/obo/MONDO_0060758,MONDO:0060758,MONDO:0060758,NA,NA
MONDO:0009830,phenotype,http://purl.obolibrary.org/obo/MONDO_0009830,MONDO:0009830,MONDO:0009830,NA,NA
HGNC:20718,gene,https://identifiers.org/HGNC:20718,HGNC:20718,HGNC:20718,NA,NA
MONDO:0008749,phenotype,http://purl.obolibrary.org/obo/MONDO_0008749,MONDO:0008749,MONDO:0008749,NA,NA
MONDO:0014583,phenotype,http://purl.obolibrary.org/obo/MONDO_0014583,MONDO:0014583,MONDO:0014583,NA,NA
MONDO:0009069,phenotype,http://purl.obolibrary.org/obo/MONDO_0009069,MONDO:0009069,MONDO:0009069,NA,NA
HGNC:24116,gene,https://identifiers.org/HGNC:24116,HGNC:24116,HGNC:24116,NA,NA
HGNC:7648,gene,https://identifiers.org/HGNC:7648,HGNC:7648,HGNC:7648,NA,NA
MONDO:0014643,phenotype,http://purl.obolibrary.org/obo/MONDO_0014643,MONDO:0014643,MONDO:0014643,NA,NA
MONDO:0011781,phenotype,http://purl.obolibrary.org/obo/MONDO_0011781,MONDO:0011781,MONDO:0011781,NA,NA
HGNC:6990,gene,https://identifiers.org/HGNC:6990,HGNC:6990,HGNC:6990,NA,NA
MONDO:0008056,phenotype,http://purl.obolibrary.org/obo/MONDO_0008056,MONDO:0008056,MONDO:0008056,NA,NA
MONDO:0019104,phenotype,http://purl.obolibrary.org/obo/MONDO_0019104,MONDO:0019104,MONDO:0019104,NA,NA
MONDO:0025667,phenotype,http://purl.obolibrary.org/obo/MONDO_0025667,MONDO:0025667,MONDO:0025667,NA,NA
HGNC:23719,gene,https://identifiers.org/HGNC:23719,HGNC:23719,HGNC:23719,NA,NA
MONDO:0007646,phenotype,http://purl.obolibrary.org/obo/MONDO_0007646,MONDO:0007646,MONDO:0007646,NA,NA
MONDO:0007298,phenotype,http://purl.obolibrary.org/obo/MONDO_0007298,MONDO:0007298,MONDO:0007298,NA,NA
MONDO:0859313,phenotype,http://purl.obolibrary.org/obo/MONDO_0859313,MONDO:0859313,MONDO:0859313,NA,NA
MONDO:0016807,phenotype,http://purl.obolibrary.org/obo/MONDO_0016807,MONDO:0016807,MONDO:0016807,NA,NA
MONDO:0013875,phenotype,http://purl.obolibrary.org/obo/MONDO_0013875,MONDO:0013875,MONDO:0013875,NA,NA
HGNC:6215,gene,https://identifiers.org/HGNC:6215,HGNC:6215,HGNC:6215,NA,NA
HGNC:20043,gene,https://identifiers.org/HGNC:20043,HGNC:20043,HGNC:20043,NA,NA
MONDO:0021569,phenotype,http://purl.obolibrary.org/obo/MONDO_0021569,MONDO:0021569,MONDO:0021569,NA,NA
HGNC:23594,gene,https://identifiers.org/HGNC:23594,HGNC:23594,HGNC:23594,NA,NA
MONDO:0014827,phenotype,http://purl.obolibrary.org/obo/MONDO_0014827,MONDO:0014827,MONDO:0014827,NA,NA
MONDO:0012622,phenotype,http://purl.obolibrary.org/obo/MONDO_0012622,MONDO:0012622,MONDO:0012622,NA,NA
HGNC:2074,gene,https://identifiers.org/HGNC:2074,HGNC:2074,HGNC:2074,NA,NA
HGNC:20862,gene,https://identifiers.org/HGNC:20862,HGNC:20862,HGNC:20862,NA,NA
MONDO:0010414,phenotype,http://purl.obolibrary.org/obo/MONDO_0010414,MONDO:0010414,MONDO:0010414,NA,NA
MONDO:0014874,phenotype,http://purl.obolibrary.org/obo/MONDO_0014874,MONDO:0014874,MONDO:0014874,NA,NA
MONDO:0015595,phenotype,http://purl.obolibrary.org/obo/MONDO_0015595,MONDO:0015595,MONDO:0015595,NA,NA
HP:0003487,phenotype,http://purl.obolibrary.org/obo/HP_0003487,HP:0003487,HP:0003487,NA,NA
MONDO:0014941,phenotype,http://purl.obolibrary.org/obo/MONDO_0014941,MONDO:0014941,MONDO:0014941,NA,NA
MONDO:0009262,phenotype,http://purl.obolibrary.org/obo/MONDO_0009262,MONDO:0009262,MONDO:0009262,NA,NA
MONDO:0010235,phenotype,http://purl.obolibrary.org/obo/MONDO_0010235,MONDO:0010235,MONDO:0010235,NA,NA
MONDO:0009683,phenotype,http://purl.obolibrary.org/obo/MONDO_0009683,MONDO:0009683,MONDO:0009683,NA,NA
HGNC:8957,gene,https://identifiers.org/HGNC:8957,HGNC:8957,HGNC:8957,NA,NA
MONDO:0017176,phenotype,http://purl.obolibrary.org/obo/MONDO_0017176,MONDO:0017176,MONDO:0017176,NA,NA
MONDO:0010679,phenotype,http://purl.obolibrary.org/obo/MONDO_0010679,MONDO:0010679,MONDO:0010679,NA,NA
HGNC:11776,gene,https://identifiers.org/HGNC:11776,HGNC:11776,HGNC:11776,NA,NA
MONDO:0032878,phenotype,http://purl.obolibrary.org/obo/MONDO_0032878,MONDO:0032878,MONDO:0032878,NA,NA
MONDO:0018322,phenotype,http://purl.obolibrary.org/obo/MONDO_0018322,MONDO:0018322,MONDO:0018322,NA,NA
MONDO:0957875,phenotype,http://purl.obolibrary.org/obo/MONDO_0957875,MONDO:0957875,MONDO:0957875,NA,NA
HGNC:11590,gene,https://identifiers.org/HGNC:11590,HGNC:11590,HGNC:11590,NA,NA
HGNC:25671,gene,https://identifiers.org/HGNC:25671,HGNC:25671,HGNC:25671,NA,NA
MONDO:0014003,phenotype,http://purl.obolibrary.org/obo/MONDO_0014003,MONDO:0014003,MONDO:0014003,NA,NA
HP:0100785,phenotype,http://purl.obolibrary.org/obo/HP_0100785,HP:0100785,HP:0100785,NA,NA
MONDO:0014007,phenotype,http://purl.obolibrary.org/obo/MONDO_0014007,MONDO:0014007,MONDO:0014007,NA,NA
MONDO:0011025,phenotype,http://purl.obolibrary.org/obo/MONDO_0011025,MONDO:0011025,MONDO:0011025,NA,NA
MONDO:0958018,phenotype,http://purl.obolibrary.org/obo/MONDO_0958018,MONDO:0958018,MONDO:0958018,NA,NA
HGNC:4249,gene,https://identifiers.org/HGNC:4249,HGNC:4249,HGNC:4249,NA,NA
HGNC:1965,gene,https://identifiers.org/HGNC:1965,HGNC:1965,HGNC:1965,NA,NA
HGNC:19998,gene,https://identifiers.org/HGNC:19998,HGNC:19998,HGNC:19998,NA,NA
MONDO:0008780,phenotype,http://purl.obolibrary.org/obo/MONDO_0008780,MONDO:0008780,MONDO:0008780,NA,NA
HP:0002063,phenotype,http://purl.obolibrary.org/obo/HP_0002063,HP:0002063,HP:0002063,NA,NA
HGNC:18044,gene,https://identifiers.org/HGNC:18044,HGNC:18044,HGNC:18044,NA,NA
MONDO:0013387,phenotype,http://purl.obolibrary.org/obo/MONDO_0013387,MONDO:0013387,MONDO:0013387,NA,NA
HGNC:20153,gene,https://identifiers.org/HGNC:20153,HGNC:20153,HGNC:20153,NA,NA
MONDO:0013264,phenotype,http://purl.obolibrary.org/obo/MONDO_0013264,MONDO:0013264,MONDO:0013264,NA,NA
HGNC:14888,gene,https://identifiers.org/HGNC:14888,HGNC:14888,HGNC:14888,NA,NA
MONDO:0013840,phenotype,http://purl.obolibrary.org/obo/MONDO_0013840,MONDO:0013840,MONDO:0013840,NA,NA
MONDO:0033371,phenotype,http://purl.obolibrary.org/obo/MONDO_0033371,MONDO:0033371,MONDO:0033371,NA,NA
HP:0000738,phenotype,http://purl.obolibrary.org/obo/HP_0000738,HP:0000738,HP:0000738,NA,NA
HP:0000741,phenotype,http://purl.obolibrary.org/obo/HP_0000741,HP:0000741,HP:0000741,NA,NA
MONDO:0859304,phenotype,http://purl.obolibrary.org/obo/MONDO_0859304,MONDO:0859304,MONDO:0859304,NA,NA
HGNC:13797,gene,https://identifiers.org/HGNC:13797,HGNC:13797,HGNC:13797,NA,NA
MONDO:0012143,phenotype,http://purl.obolibrary.org/obo/MONDO_0012143,MONDO:0012143,MONDO:0012143,NA,NA
HGNC:850,gene,https://identifiers.org/HGNC:850,HGNC:850,HGNC:850,NA,NA
MONDO:0014728,phenotype,http://purl.obolibrary.org/obo/MONDO_0014728,MONDO:0014728,MONDO:0014728,NA,NA
HGNC:469,gene,https://identifiers.org/HGNC:469,HGNC:469,HGNC:469,NA,NA
HGNC:25751,gene,https://identifiers.org/HGNC:25751,HGNC:25751,HGNC:25751,NA,NA
MONDO:0019771,phenotype,http://purl.obolibrary.org/obo/MONDO_0019771,MONDO:0019771,MONDO:0019771,NA,NA
MONDO:0013005,phenotype,http://purl.obolibrary.org/obo/MONDO_0013005,MONDO:0013005,MONDO:0013005,NA,NA
MONDO:0012805,phenotype,http://purl.obolibrary.org/obo/MONDO_0012805,MONDO:0012805,MONDO:0012805,NA,NA
MONDO:0014558,phenotype,http://purl.obolibrary.org/obo/MONDO_0014558,MONDO:0014558,MONDO:0014558,NA,NA
MONDO:0957542,phenotype,http://purl.obolibrary.org/obo/MONDO_0957542,MONDO:0957542,MONDO:0957542,NA,NA
HGNC:4431,gene,https://identifiers.org/HGNC:4431,HGNC:4431,HGNC:4431,NA,NA
MONDO:0033372,phenotype,http://purl.obolibrary.org/obo/MONDO_0033372,MONDO:0033372,MONDO:0033372,NA,NA
MONDO:0014632,phenotype,http://purl.obolibrary.org/obo/MONDO_0014632,MONDO:0014632,MONDO:0014632,NA,NA
MONDO:0859283,phenotype,http://purl.obolibrary.org/obo/MONDO_0859283,MONDO:0859283,MONDO:0859283,NA,NA
MONDO:0060761,phenotype,http://purl.obolibrary.org/obo/MONDO_0060761,MONDO:0060761,MONDO:0060761,NA,NA
MONDO:0100294,phenotype,http://purl.obolibrary.org/obo/MONDO_0100294,MONDO:0100294,MONDO:0100294,NA,NA
MONDO:0009653,phenotype,http://purl.obolibrary.org/obo/MONDO_0009653,MONDO:0009653,MONDO:0009653,NA,NA
MONDO:0007614,phenotype,http://purl.obolibrary.org/obo/MONDO_0007614,MONDO:0007614,MONDO:0007614,NA,NA
HGNC:7461,gene,https://identifiers.org/HGNC:7461,HGNC:7461,HGNC:7461,NA,NA
MONDO:0013900,phenotype,http://purl.obolibrary.org/obo/MONDO_0013900,MONDO:0013900,MONDO:0013900,NA,NA
HP:0030842,phenotype,http://purl.obolibrary.org/obo/HP_0030842,HP:0030842,HP:0030842,NA,NA
MONDO:0009783,phenotype,http://purl.obolibrary.org/obo/MONDO_0009783,MONDO:0009783,MONDO:0009783,NA,NA
HGNC:15578,gene,https://identifiers.org/HGNC:15578,HGNC:15578,HGNC:15578,NA,NA
MONDO:0011902,phenotype,http://purl.obolibrary.org/obo/MONDO_0011902,MONDO:0011902,MONDO:0011902,NA,NA
MONDO:0016006,phenotype,http://purl.obolibrary.org/obo/MONDO_0016006,MONDO:0016006,MONDO:0016006,NA,NA
HGNC:11460,gene,https://identifiers.org/HGNC:11460,HGNC:11460,HGNC:11460,NA,NA
HGNC:11817,gene,https://identifiers.org/HGNC:11817,HGNC:11817,HGNC:11817,NA,NA
HP:0000722,phenotype,http://purl.obolibrary.org/obo/HP_0000722,HP:0000722,HP:0000722,NA,NA
MONDO:0017385,phenotype,http://purl.obolibrary.org/obo/MONDO_0017385,MONDO:0017385,MONDO:0017385,NA,NA
HGNC:11831,gene,https://identifiers.org/HGNC:11831,HGNC:11831,HGNC:11831,NA,NA
HGNC:7577,gene,https://identifiers.org/HGNC:7577,HGNC:7577,HGNC:7577,NA,NA
HP:0025401,phenotype,http://purl.obolibrary.org/obo/HP_0025401,HP:0025401,HP:0025401,NA,NA
HGNC:2972,gene,https://identifiers.org/HGNC:2972,HGNC:2972,HGNC:2972,NA,NA
MONDO:0010283,phenotype,http://purl.obolibrary.org/obo/MONDO_0010283,MONDO:0010283,MONDO:0010283,NA,NA
MONDO:0012188,phenotype,http://purl.obolibrary.org/obo/MONDO_0012188,MONDO:0012188,MONDO:0012188,NA,NA
MONDO:0009745,phenotype,http://purl.obolibrary.org/obo/MONDO_0009745,MONDO:0009745,MONDO:0009745,NA,NA
MONDO:0014205,phenotype,http://purl.obolibrary.org/obo/MONDO_0014205,MONDO:0014205,MONDO:0014205,NA,NA
HGNC:4076,gene,https://identifiers.org/HGNC:4076,HGNC:4076,HGNC:4076,NA,NA
HGNC:2550,gene,https://identifiers.org/HGNC:2550,HGNC:2550,HGNC:2550,NA,NA
MONDO:0012301,phenotype,http://purl.obolibrary.org/obo/MONDO_0012301,MONDO:0012301,MONDO:0012301,NA,NA
MONDO:0033043,phenotype,http://purl.obolibrary.org/obo/MONDO_0033043,MONDO:0033043,MONDO:0033043,NA,NA
MONDO:0008045,phenotype,http://purl.obolibrary.org/obo/MONDO_0008045,MONDO:0008045,MONDO:0008045,NA,NA
MONDO:0012911,phenotype,http://purl.obolibrary.org/obo/MONDO_0012911,MONDO:0012911,MONDO:0012911,NA,NA
MONDO:0008813,phenotype,http://purl.obolibrary.org/obo/MONDO_0008813,MONDO:0008813,MONDO:0008813,NA,NA
MONDO:0033682,phenotype,http://purl.obolibrary.org/obo/MONDO_0033682,MONDO:0033682,MONDO:0033682,NA,NA
MONDO:0009603,phenotype,http://purl.obolibrary.org/obo/MONDO_0009603,MONDO:0009603,MONDO:0009603,NA,NA
MONDO:0014995,phenotype,http://purl.obolibrary.org/obo/MONDO_0014995,MONDO:0014995,MONDO:0014995,NA,NA
MONDO:0017892,phenotype,http://purl.obolibrary.org/obo/MONDO_0017892,MONDO:0017892,MONDO:0017892,NA,NA
MONDO:0033370,phenotype,http://purl.obolibrary.org/obo/MONDO_0033370,MONDO:0033370,MONDO:0033370,NA,NA
HGNC:17264,gene,https://identifiers.org/HGNC:17264,HGNC:17264,HGNC:17264,NA,NA
HGNC:20603,gene,https://identifiers.org/HGNC:20603,HGNC:20603,HGNC:20603,NA,NA
MONDO:0013162,phenotype,http://purl.obolibrary.org/obo/MONDO_0013162,MONDO:0013162,MONDO:0013162,NA,NA
MONDO:0010188,phenotype,http://purl.obolibrary.org/obo/MONDO_0010188,MONDO:0010188,MONDO:0010188,NA,NA
MONDO:0019758,phenotype,http://purl.obolibrary.org/obo/MONDO_0019758,MONDO:0019758,MONDO:0019758,NA,NA
HGNC:10866,gene,https://identifiers.org/HGNC:10866,HGNC:10866,HGNC:10866,NA,NA
MONDO:0032900,phenotype,http://purl.obolibrary.org/obo/MONDO_0032900,MONDO:0032900,MONDO:0032900,NA,NA
MONDO:0014199,phenotype,http://purl.obolibrary.org/obo/MONDO_0014199,MONDO:0014199,MONDO:0014199,NA,NA
HGNC:2904,gene,https://identifiers.org/HGNC:2904,HGNC:2904,HGNC:2904,NA,NA
MONDO:0957985,phenotype,http://purl.obolibrary.org/obo/MONDO_0957985,MONDO:0957985,MONDO:0957985,NA,NA
MONDO:0014598,phenotype,http://purl.obolibrary.org/obo/MONDO_0014598,MONDO:0014598,MONDO:0014598,NA,NA
HGNC:13709,gene,https://identifiers.org/HGNC:13709,HGNC:13709,HGNC:13709,NA,NA
MONDO:0800491,phenotype,http://purl.obolibrary.org/obo/MONDO_0800491,MONDO:0800491,MONDO:0800491,NA,NA
MONDO:0010354,phenotype,http://purl.obolibrary.org/obo/MONDO_0010354,MONDO:0010354,MONDO:0010354,NA,NA
HGNC:7687,gene,https://identifiers.org/HGNC:7687,HGNC:7687,HGNC:7687,NA,NA
MONDO:0030634,phenotype,http://purl.obolibrary.org/obo/MONDO_0030634,MONDO:0030634,MONDO:0030634,NA,NA
MONDO:0010747,phenotype,http://purl.obolibrary.org/obo/MONDO_0010747,MONDO:0010747,MONDO:0010747,NA,NA
MONDO:0007200,phenotype,http://purl.obolibrary.org/obo/MONDO_0007200,MONDO:0007200,MONDO:0007200,NA,NA
MONDO:0008048,phenotype,http://purl.obolibrary.org/obo/MONDO_0008048,MONDO:0008048,MONDO:0008048,NA,NA
HP:0001262,phenotype,http://purl.obolibrary.org/obo/HP_0001262,HP:0001262,HP:0001262,NA,NA
HGNC:24537,gene,https://identifiers.org/HGNC:24537,HGNC:24537,HGNC:24537,NA,NA
MONDO:0010298,phenotype,http://purl.obolibrary.org/obo/MONDO_0010298,MONDO:0010298,MONDO:0010298,NA,NA
HGNC:18865,gene,https://identifiers.org/HGNC:18865,HGNC:18865,HGNC:18865,NA,NA
MONDO:0013390,phenotype,http://purl.obolibrary.org/obo/MONDO_0013390,MONDO:0013390,MONDO:0013390,NA,NA
MONDO:0010774,phenotype,http://purl.obolibrary.org/obo/MONDO_0010774,MONDO:0010774,MONDO:0010774,NA,NA
HP:0003324,phenotype,http://purl.obolibrary.org/obo/HP_0003324,HP:0003324,HP:0003324,NA,NA
HGNC:6743,gene,https://identifiers.org/HGNC:6743,HGNC:6743,HGNC:6743,NA,NA
HGNC:11273,gene,https://identifiers.org/HGNC:11273,HGNC:11273,HGNC:11273,NA,NA
MONDO:0011894,phenotype,http://purl.obolibrary.org/obo/MONDO_0011894,MONDO:0011894,MONDO:0011894,NA,NA
MONDO:0008842,phenotype,http://purl.obolibrary.org/obo/MONDO_0008842,MONDO:0008842,MONDO:0008842,NA,NA
HP:0002059,phenotype,http://purl.obolibrary.org/obo/HP_0002059,HP:0002059,HP:0002059,NA,NA
MONDO:0014096,phenotype,http://purl.obolibrary.org/obo/MONDO_0014096,MONDO:0014096,MONDO:0014096,NA,NA
MONDO:0859365,phenotype,http://purl.obolibrary.org/obo/MONDO_0859365,MONDO:0859365,MONDO:0859365,NA,NA
HGNC:8066,gene,https://identifiers.org/HGNC:8066,HGNC:8066,HGNC:8066,NA,NA
MONDO:0007102,phenotype,http://purl.obolibrary.org/obo/MONDO_0007102,MONDO:0007102,MONDO:0007102,NA,NA
MONDO:0859336,phenotype,http://purl.obolibrary.org/obo/MONDO_0859336,MONDO:0859336,MONDO:0859336,NA,NA
HGNC:13921,gene,https://identifiers.org/HGNC:13921,HGNC:13921,HGNC:13921,NA,NA
MONDO:0044319,phenotype,http://purl.obolibrary.org/obo/MONDO_0044319,MONDO:0044319,MONDO:0044319,NA,NA
MONDO:0011146,phenotype,http://purl.obolibrary.org/obo/MONDO_0011146,MONDO:0011146,MONDO:0011146,NA,NA
MONDO:0968977,phenotype,http://purl.obolibrary.org/obo/MONDO_0968977,MONDO:0968977,MONDO:0968977,NA,NA
MONDO:0010190,phenotype,http://purl.obolibrary.org/obo/MONDO_0010190,MONDO:0010190,MONDO:0010190,NA,NA
MONDO:0859197,phenotype,http://purl.obolibrary.org/obo/MONDO_0859197,MONDO:0859197,MONDO:0859197,NA,NA
MONDO:0016241,phenotype,http://purl.obolibrary.org/obo/MONDO_0016241,MONDO:0016241,MONDO:0016241,NA,NA
MONDO:0009716,phenotype,http://purl.obolibrary.org/obo/MONDO_0009716,MONDO:0009716,MONDO:0009716,NA,NA
MONDO:0014889,phenotype,http://purl.obolibrary.org/obo/MONDO_0014889,MONDO:0014889,MONDO:0014889,NA,NA
HGNC:9870,gene,https://identifiers.org/HGNC:9870,HGNC:9870,HGNC:9870,NA,NA
HP:0001272,phenotype,http://purl.obolibrary.org/obo/HP_0001272,HP:0001272,HP:0001272,NA,NA
HP:0000718,phenotype,http://purl.obolibrary.org/obo/HP_0000718,HP:0000718,HP:0000718,NA,NA
MONDO:0000902,phenotype,http://purl.obolibrary.org/obo/MONDO_0000902,MONDO:0000902,MONDO:0000902,NA,NA
MONDO:0011301,phenotype,http://purl.obolibrary.org/obo/MONDO_0011301,MONDO:0011301,MONDO:0011301,NA,NA
MONDO:0011468,phenotype,http://purl.obolibrary.org/obo/MONDO_0011468,MONDO:0011468,MONDO:0011468,NA,NA
MONDO:0044726,phenotype,http://purl.obolibrary.org/obo/MONDO_0044726,MONDO:0044726,MONDO:0044726,NA,NA
MONDO:0012297,phenotype,http://purl.obolibrary.org/obo/MONDO_0012297,MONDO:0012297,MONDO:0012297,NA,NA
MONDO:0000903,phenotype,http://purl.obolibrary.org/obo/MONDO_0000903,MONDO:0000903,MONDO:0000903,NA,NA
MONDO:0014896,phenotype,http://purl.obolibrary.org/obo/MONDO_0014896,MONDO:0014896,MONDO:0014896,NA,NA
MONDO:0016834,phenotype,http://purl.obolibrary.org/obo/MONDO_0016834,MONDO:0016834,MONDO:0016834,NA,NA
HP:0002072,phenotype,http://purl.obolibrary.org/obo/HP_0002072,HP:0002072,HP:0002072,NA,NA
MONDO:0014371,phenotype,http://purl.obolibrary.org/obo/MONDO_0014371,MONDO:0014371,MONDO:0014371,NA,NA
HGNC:18063,gene,https://identifiers.org/HGNC:18063,HGNC:18063,HGNC:18063,NA,NA
HGNC:10914,gene,https://identifiers.org/HGNC:10914,HGNC:10914,HGNC:10914,NA,NA
MONDO:0013306,phenotype,http://purl.obolibrary.org/obo/MONDO_0013306,MONDO:0013306,MONDO:0013306,NA,NA
MONDO:0031002,phenotype,http://purl.obolibrary.org/obo/MONDO_0031002,MONDO:0031002,MONDO:0031002,NA,NA
MONDO:0032918,phenotype,http://purl.obolibrary.org/obo/MONDO_0032918,MONDO:0032918,MONDO:0032918,NA,NA
HGNC:11049,gene,https://identifiers.org/HGNC:11049,HGNC:11049,HGNC:11049,NA,NA
HP:0002500,phenotype,http://purl.obolibrary.org/obo/HP_0002500,HP:0002500,HP:0002500,NA,NA
MONDO:0018213,phenotype,http://purl.obolibrary.org/obo/MONDO_0018213,MONDO:0018213,MONDO:0018213,NA,NA
MONDO:0012435,phenotype,http://purl.obolibrary.org/obo/MONDO_0012435,MONDO:0012435,MONDO:0012435,NA,NA
MONDO:0016825,phenotype,http://purl.obolibrary.org/obo/MONDO_0016825,MONDO:0016825,MONDO:0016825,NA,NA
HGNC:12499,gene,https://identifiers.org/HGNC:12499,HGNC:12499,HGNC:12499,NA,NA
HGNC:12730,gene,https://identifiers.org/HGNC:12730,HGNC:12730,HGNC:12730,NA,NA
HP:0000739,phenotype,http://purl.obolibrary.org/obo/HP_0000739,HP:0000739,HP:0000739,NA,NA
MONDO:0957270,phenotype,http://purl.obolibrary.org/obo/MONDO_0957270,MONDO:0957270,MONDO:0957270,NA,NA
MONDO:0016856,phenotype,http://purl.obolibrary.org/obo/MONDO_0016856,MONDO:0016856,MONDO:0016856,NA,NA
MONDO:0012611,phenotype,http://purl.obolibrary.org/obo/MONDO_0012611,MONDO:0012611,MONDO:0012611,NA,NA
MONDO:0017830,phenotype,http://purl.obolibrary.org/obo/MONDO_0017830,MONDO:0017830,MONDO:0017830,NA,NA
HP:0001288,phenotype,http://purl.obolibrary.org/obo/HP_0001288,HP:0001288,HP:0001288,NA,NA
MONDO:0014104,phenotype,http://purl.obolibrary.org/obo/MONDO_0014104,MONDO:0014104,MONDO:0014104,NA,NA
MONDO:0958226,phenotype,http://purl.obolibrary.org/obo/MONDO_0958226,MONDO:0958226,MONDO:0958226,NA,NA
MONDO:0009419,phenotype,http://purl.obolibrary.org/obo/MONDO_0009419,MONDO:0009419,MONDO:0009419,NA,NA
HP:0000713,phenotype,http://purl.obolibrary.org/obo/HP_0000713,HP:0000713,HP:0000713,NA,NA
MONDO:0014977,phenotype,http://purl.obolibrary.org/obo/MONDO_0014977,MONDO:0014977,MONDO:0014977,NA,NA
HGNC:4851,gene,https://identifiers.org/HGNC:4851,HGNC:4851,HGNC:4851,NA,NA
MONDO:0007164,phenotype,http://purl.obolibrary.org/obo/MONDO_0007164,MONDO:0007164,MONDO:0007164,NA,NA
HGNC:16369,gene,https://identifiers.org/HGNC:16369,HGNC:16369,HGNC:16369,NA,NA
MONDO:0014700,phenotype,http://purl.obolibrary.org/obo/MONDO_0014700,MONDO:0014700,MONDO:0014700,NA,NA
HGNC:24555,gene,https://identifiers.org/HGNC:24555,HGNC:24555,HGNC:24555,NA,NA
MONDO:0032651,phenotype,http://purl.obolibrary.org/obo/MONDO_0032651,MONDO:0032651,MONDO:0032651,NA,NA
MONDO:0030323,phenotype,http://purl.obolibrary.org/obo/MONDO_0030323,MONDO:0030323,MONDO:0030323,NA,NA
MONDO:0009672,phenotype,http://purl.obolibrary.org/obo/MONDO_0009672,MONDO:0009672,MONDO:0009672,NA,NA
HGNC:201,gene,https://identifiers.org/HGNC:201,HGNC:201,HGNC:201,NA,NA
MONDO:0060666,phenotype,http://purl.obolibrary.org/obo/MONDO_0060666,MONDO:0060666,MONDO:0060666,NA,NA
MONDO:0009607,phenotype,http://purl.obolibrary.org/obo/MONDO_0009607,MONDO:0009607,MONDO:0009607,NA,NA
HGNC:12404,gene,https://identifiers.org/HGNC:12404,HGNC:12404,HGNC:12404,NA,NA
MONDO:0018629,phenotype,http://purl.obolibrary.org/obo/MONDO_0018629,MONDO:0018629,MONDO:0018629,NA,NA
HGNC:3811,gene,https://identifiers.org/HGNC:3811,HGNC:3811,HGNC:3811,NA,NA
HGNC:25133,gene,https://identifiers.org/HGNC:25133,HGNC:25133,HGNC:25133,NA,NA
MONDO:0032818,phenotype,http://purl.obolibrary.org/obo/MONDO_0032818,MONDO:0032818,MONDO:0032818,NA,NA
HGNC:4922,gene,https://identifiers.org/HGNC:4922,HGNC:4922,HGNC:4922,NA,NA
HGNC:28242,gene,https://identifiers.org/HGNC:28242,HGNC:28242,HGNC:28242,NA,NA
MONDO:0010476,phenotype,http://purl.obolibrary.org/obo/MONDO_0010476,MONDO:0010476,MONDO:0010476,NA,NA
MONDO:0014725,phenotype,http://purl.obolibrary.org/obo/MONDO_0014725,MONDO:0014725,MONDO:0014725,NA,NA
MONDO:0014627,phenotype,http://purl.obolibrary.org/obo/MONDO_0014627,MONDO:0014627,MONDO:0014627,NA,NA
MONDO:0060490,phenotype,http://purl.obolibrary.org/obo/MONDO_0060490,MONDO:0060490,MONDO:0060490,NA,NA
MONDO:0012231,phenotype,http://purl.obolibrary.org/obo/MONDO_0012231,MONDO:0012231,MONDO:0012231,NA,NA
HGNC:28072,gene,https://identifiers.org/HGNC:28072,HGNC:28072,HGNC:28072,NA,NA
MONDO:0012549,phenotype,http://purl.obolibrary.org/obo/MONDO_0012549,MONDO:0012549,MONDO:0012549,NA,NA
HP:0004305,phenotype,http://purl.obolibrary.org/obo/HP_0004305,HP:0004305,HP:0004305,NA,NA
MONDO:0021018,phenotype,http://purl.obolibrary.org/obo/MONDO_0021018,MONDO:0021018,MONDO:0021018,NA,NA
MONDO:0011724,phenotype,http://purl.obolibrary.org/obo/MONDO_0011724,MONDO:0011724,MONDO:0011724,NA,NA
MONDO:0014557,phenotype,http://purl.obolibrary.org/obo/MONDO_0014557,MONDO:0014557,MONDO:0014557,NA,NA
MONDO:0016305,phenotype,http://purl.obolibrary.org/obo/MONDO_0016305,MONDO:0016305,MONDO:0016305,NA,NA
MONDO:0013401,phenotype,http://purl.obolibrary.org/obo/MONDO_0013401,MONDO:0013401,MONDO:0013401,NA,NA
MONDO:0957385,phenotype,http://purl.obolibrary.org/obo/MONDO_0957385,MONDO:0957385,MONDO:0957385,NA,NA
