https://identifiers.org/chembl:CHEMBL527620,
CHEMBL:CHEMBL599924,
https://identifiers.org/chembl:CHEMBL253570,
https://identifiers.org/HGNC:16255,
KOPARIN,
https://identifiers.org/chembl:CHEMBL586078,
HGNC:15559,
CHEMBL:CHEMBL259615,
HGNC:20716,
https://identifiers.org/chembl:CHEMBL1278089,
MONDO:0009958,
https://identifiers.org/chembl:CHEMBL2094456,
http://purl.obolibrary.org/obo/MONDO_0011691,
CHEMBL:CHEMBL580155,
https://identifiers.org/chembl:CHEMBL2105671,
CHEMBL:CHEMBL590691,
HGNC:16255,
ISOEUGENITOL,
AUH,
MONDO:0013142,
https://identifiers.org/chembl:CHEMBL584883,
sensory ataxic neuropathy, dysarthria, and ophthalmoparesis,
https://identifiers.org/chembl:CHEMBL1889303,
https://identifiers.org/chembl:CHEMBL1569494,
https://identifiers.org/chembl:CHEMBL1466186,
HGNC:18514,
HP:0001300,
CHEMBL:CHEMBL601554,
http://purl.obolibrary.org/obo/MONDO_0033043,
Kearns-Sayre syndrome,
DIHYDROGUAIARETIC ACID,
https://identifiers.org/HGNC:443,
http://purl.obolibrary.org/obo/MONDO_0971150,
http://purl.obolibrary.org/obo/HP_0030219,
CHEMBL:CHEMBL64239,
MONDO:0011551,
CHEMBL:CHEMBL429095,
HGNC:8820,
NEOCUPROINE,
https://identifiers.org/HGNC:10985,
https://identifiers.org/chembl:CHEMBL64391,
MONDO:0012444,
https://identifiers.org/chembl:CHEMBL1170485,
https://identifiers.org/HGNC:7981,
HGNC:4235,
MONDO:0010877,
https://identifiers.org/chembl:CHEMBL538104,
https://identifiers.org/chembl:CHEMBL85826,
http://purl.obolibrary.org/obo/MONDO_0957874,
MONDO:0014282,
https://identifiers.org/HGNC:7683,
http://purl.obolibrary.org/obo/MONDO_0800027,
https://identifiers.org/chembl:CHEMBL592611,
http://purl.obolibrary.org/obo/MONDO_0011833,
https://identifiers.org/HGNC:90,
https://identifiers.org/chembl:CHEMBL479650,
https://identifiers.org/chembl:CHEMBL275516,
HGNC:17264,
TUBA4A,
https://identifiers.org/chembl:CHEMBL578063,
HGNC:1160,
CHEMBL:CHEMBL606166,
https://identifiers.org/chembl:CHEMBL1517542,
MT-TT,
https://identifiers.org/HGNC:25538,
https://identifiers.org/HGNC:4651,
https://identifiers.org/HGNC:12525,
MT-TC,
http://purl.obolibrary.org/obo/MONDO_0014209,
https://identifiers.org/chembl:CHEMBL607138,
https://identifiers.org/HGNC:315,
http://purl.obolibrary.org/obo/MONDO_0011758,
PECTOLINARIGENIN,
HGNC:28072,
CHEMBL:CHEMBL546865,
2,3-DIHYDROXY-4-METHOXY-4'-ETHOXYBENZOPHENONE,
MT-TL1,
2,6-DIMETHOXYQUINONE,
https://identifiers.org/chembl:CHEMBL457504,
CHEMBL:CHEMBL297304,
HGNC:3013,
HGNC:2074,
https://identifiers.org/chembl:CHEMBL597449,
MONDO:0044701,
CHEMBL:CHEMBL1545737,
https://identifiers.org/chembl:CHEMBL403989,
MONDO:0014147,
MONDO:0013803,
HGNC:23594,
https://identifiers.org/chembl:CHEMBL1303948,
https://identifiers.org/HGNC:10852,
http://purl.obolibrary.org/obo/MONDO_0013132,
REV-5901,
http://purl.obolibrary.org/obo/MONDO_0018951,
CHEMBL:CHEMBL146710,
https://identifiers.org/chembl:CHEMBL1489223,
HP:0003487,
CHEMBL:CHEMBL591126,
https://identifiers.org/HGNC:19693,
MAHANINE,
http://purl.obolibrary.org/obo/MONDO_0014497,
https://identifiers.org/chembl:CHEMBL1439833,
http://purl.obolibrary.org/obo/MONDO_0030035,
https://identifiers.org/HGNC:13993,
http://purl.obolibrary.org/obo/MONDO_0957958,
https://identifiers.org/chembl:CHEMBL17347,
MONDO:0012450,
https://identifiers.org/chembl:CHEMBL1481509,
FLAVOKAWAIN B,
https://identifiers.org/chembl:CHEMBL588327,
http://purl.obolibrary.org/obo/MONDO_0011785,
http://purl.obolibrary.org/obo/MONDO_0015348,
MMACHC,
https://identifiers.org/chembl:CHEMBL1333386,
CHEMBL:CHEMBL580819,
MONDO:0013722,
https://identifiers.org/HGNC:3999,
http://purl.obolibrary.org/obo/MONDO_0014223,
CHEMBL:CHEMBL47875,
NOTCH3,
http://purl.obolibrary.org/obo/MONDO_0014628,
http://purl.obolibrary.org/obo/MONDO_0012166,
https://identifiers.org/chembl:CHEMBL64239,
ACys amyloidosis,
HGNC:20,
https://identifiers.org/HGNC:25532,
MONDO:0010418,
https://identifiers.org/chembl:CHEMBL1490332,
https://identifiers.org/HGNC:6174,
juvenile amyotrophic lateral sclerosis with dementia,
https://identifiers.org/chembl:CHEMBL365617,
http://purl.obolibrary.org/obo/MONDO_0008767,
Charcot-Marie-Tooth disease axonal type 2T,
https://identifiers.org/HGNC:9305,
MONDO:0018346,
https://identifiers.org/chembl:CHEMBL1256660,
CHEMBL:CHEMBL461193,
CSF1R,
https://identifiers.org/chembl:CHEMBL579045,
http://purl.obolibrary.org/obo/MONDO_0010100,
http://purl.obolibrary.org/obo/MONDO_0010334,
http://purl.obolibrary.org/obo/MONDO_0010808,
RALFINAMIDE,
https://identifiers.org/HGNC:8607,
HGNC:2678,
CHEMBL:CHEMBL1390650,
http://purl.obolibrary.org/obo/MONDO_0014717,
HGNC:10468,
mitochondrial neurogastrointestinal encephalomyopathy,
HGNC:15868,
CHEMBL:CHEMBL1526167,
PURPURIN,
CHEMBL:CHEMBL602990,
HP:0002185,
https://identifiers.org/chembl:CHEMBL493863,
http://purl.obolibrary.org/obo/MONDO_0010714,
https://identifiers.org/HGNC:3439,
MONDO:0012278,
https://identifiers.org/HGNC:10648,
https://identifiers.org/chembl:CHEMBL587449,
CHEMBL:CHEMBL601367,
progressive supranuclear palsy-pure akinesia with gait freezing syndrome,
http://purl.obolibrary.org/obo/MONDO_0010578,
HGNC:11280,
https://identifiers.org/HGNC:13921,
https://identifiers.org/HGNC:9039,
https://identifiers.org/HGNC:18063,
cerebral amyloid angiopathy, APP-related,
MONDO:0971150,
http://purl.obolibrary.org/obo/MONDO_0009897,
https://identifiers.org/chembl:CHEMBL601140,
https://identifiers.org/HGNC:9439,
Semantic dementia,
MONDO:0014725,
https://identifiers.org/HGNC:9476,
https://identifiers.org/HGNC:11584,
http://purl.obolibrary.org/obo/MONDO_0019383,
HGNC:19321,
CHEMBL:CHEMBL531322,
http://purl.obolibrary.org/obo/MONDO_0013485,
https://identifiers.org/chembl:CHEMBL525826,
http://purl.obolibrary.org/obo/MONDO_0016591,
MONDO:0012213,
GW282974X,
MT-ND5,
MONDO:0014165,
https://identifiers.org/HGNC:11825,
ALTROPANE I-123,
http://purl.obolibrary.org/obo/MONDO_0000914,
CHEMBL:CHEMBL590706,
http://purl.obolibrary.org/obo/MONDO_0010789,
http://purl.obolibrary.org/obo/MONDO_0007656,
CHEMBL:CHEMBL578294,
http://purl.obolibrary.org/obo/MONDO_0017276,
MONDO:0009843,
HGNC:11231,
http://purl.obolibrary.org/obo/MONDO_0016545,
https://identifiers.org/chembl:CHEMBL275938,
https://identifiers.org/chembl:CHEMBL547924,
CHEMBL:CHEMBL184074,
HGNC:17123,
https://identifiers.org/chembl:CHEMBL4297438,
https://identifiers.org/chembl:CHEMBL570408,
HGNC:21062,
http://purl.obolibrary.org/obo/MONDO_0015484,
http://purl.obolibrary.org/obo/HP_0001300,
http://purl.obolibrary.org/obo/MONDO_0008047,
https://identifiers.org/chembl:CHEMBL580340,
MONDO:0017809,
https://identifiers.org/HGNC:3432,
http://purl.obolibrary.org/obo/MONDO_0007435,
DCTN1,
https://identifiers.org/HGNC:10942,
https://identifiers.org/chembl:CHEMBL39541,
https://identifiers.org/chembl:CHEMBL602561,
ERBB4,
CANTHARIDIC_ACID,
CHEMBL:CHEMBL1373255,
CHEMBL:CHEMBL582286,
0002200,
CST3,
MONDO:0005835,
https://identifiers.org/chembl:CHEMBL374632,
https://identifiers.org/chembl:CHEMBL1434057,
http://purl.obolibrary.org/obo/MONDO_0012181,
HGNC:13921,
PHILANTHOTOXIN 343,
https://identifiers.org/HGNC:9477,
http://purl.obolibrary.org/obo/MONDO_0009366,
https://identifiers.org/chembl:CHEMBL581152,
glutaryl-CoA dehydrogenase deficiency,
PINK1,
http://purl.obolibrary.org/obo/MONDO_0971004,
http://purl.obolibrary.org/obo/MONDO_0060759,
CHEMBL:CHEMBL1543865,
https://identifiers.org/HGNC:15894,
METHIOTHEPIN MESYLATE,
http://purl.obolibrary.org/obo/MONDO_0009620,
HGNC:6317,
GARDENIN,
CHEMBL:CHEMBL528181,
https://identifiers.org/chembl:CHEMBL1287980,
MONDO:0018150,
http://purl.obolibrary.org/obo/MONDO_0019160,
MONDO:0011487,
CHEMBL:CHEMBL477841,
CHEMBL:CHEMBL607309,
http://purl.obolibrary.org/obo/MONDO_0009279,
https://identifiers.org/chembl:CHEMBL259805,
https://identifiers.org/chembl:CHEMBL578905,
HGNC:9154,
MONDO:0030805,
https://identifiers.org/chembl:CHEMBL602740,
CHEMBL:CHEMBL1546223,
CHEMBL:CHEMBL592316,
http://purl.obolibrary.org/obo/MONDO_0019037,
http://purl.obolibrary.org/obo/MONDO_0008083,
CHEMBL:CHEMBL580130,
TYRPHOSTIN 25,
HGNC:6323,
https://identifiers.org/chembl:CHEMBL603952,
HGNC:3999,
inclusion body myopathy with Paget disease of bone and frontotemporal dementia type 1,
https://identifiers.org/HGNC:8983,
https://identifiers.org/chembl:CHEMBL588038,
http://purl.obolibrary.org/obo/MONDO_0011764,
HGNC:3267,
CHEMBL:CHEMBL1210769,
CHEMBL:CHEMBL533602,
HGNC:26970,
CHEMBL:CHEMBL1517542,
https://identifiers.org/chembl:CHEMBL530361,
MONDO:0054791,
CHEMBL:CHEMBL2094456,
https://identifiers.org/chembl:CHEMBL77387,
https://identifiers.org/chembl:CHEMBL579105,
MONDO:0018982,
MONDO:0012549,
CHEMBL:CHEMBL258316,
HGNC:30563,
https://identifiers.org/chembl:CHEMBL138649,
CHEMBL:CHEMBL586078,
MONDO:0013165,
https://identifiers.org/HGNC:26006,
http://purl.obolibrary.org/obo/MONDO_0014845,
https://identifiers.org/chembl:CHEMBL462576,
HP:0410054,
http://purl.obolibrary.org/obo/MONDO_0018475,
https://identifiers.org/chembl:CHEMBL2094567,
HGNC:6600,
http://purl.obolibrary.org/obo/MONDO_0013373,
ACID BLUE 129,
GARCINONE E,
CHEMBL:CHEMBL591834,
https://identifiers.org/chembl:CHEMBL1333653,
mast syndrome,
https://identifiers.org/chembl:CHEMBL2135268,
LICARIN A,
http://purl.obolibrary.org/obo/MONDO_0009949,
https://identifiers.org/chembl:CHEMBL1522984,
HGNC:9508,
https://identifiers.org/HGNC:574,
2-PHENYL-1H-INDOLE,
MONDO:0012895,
HP:0010875,
http://purl.obolibrary.org/obo/HP_0001268,
MT-CO2,
https://identifiers.org/HGNC:3061,
https://identifiers.org/HGNC:445,
MONDO:0060502,
https://identifiers.org/HGNC:11179,
https://identifiers.org/chembl:CHEMBL580076,
http://purl.obolibrary.org/obo/MONDO_0009050,
CHEMBL:CHEMBL426,
CHEMBL:CHEMBL1935538,
CHEMBL:CHEMBL546576,
https://identifiers.org/chembl:CHEMBL74635,
https://identifiers.org/chembl:CHEMBL3545155,
https://identifiers.org/HGNC:3013,
https://identifiers.org/HGNC:3951,
http://purl.obolibrary.org/obo/MONDO_0012084,
HGNC:9870,
http://purl.obolibrary.org/obo/MONDO_0010275,
MONDO:0017830,
https://identifiers.org/chembl:CHEMBL1719948,
CHEMBL:CHEMBL602987,
NANAOMYCIN,
http://purl.obolibrary.org/obo/MONDO_0030482,
CHEMBL:CHEMBL605077,
https://identifiers.org/chembl:CHEMBL584442,
GPRC5B,
MONDO:0957874,
MONDO:0014864,
https://identifiers.org/chembl:CHEMBL607253,
https://identifiers.org/chembl:CHEMBL313737,
https://identifiers.org/HGNC:16266,
BENZANTHRONE,
http://purl.obolibrary.org/obo/MONDO_0018964,
CHEMBL:CHEMBL581152,
https://identifiers.org/HGNC:15469,
https://identifiers.org/chembl:CHEMBL16312,
https://identifiers.org/HGNC:30881,
https://identifiers.org/HGNC:6215,
CHEMBL:CHEMBL531710,
KASANOSIN A,
CHEMBL:CHEMBL589245,
https://identifiers.org/chembl:CHEMBL1545737,
https://identifiers.org/HGNC:14977,
HGNC:16812,
MONDO:0012643,
http://purl.obolibrary.org/obo/MONDO_0014975,
MONDO:0971004,
https://identifiers.org/chembl:CHEMBL579318,
HGNC:19082,
MONDO:0011513,
http://purl.obolibrary.org/obo/MONDO_0010466,
MONDO:0008437,
MONDO:0010747,
https://identifiers.org/HGNC:1908,
https://identifiers.org/HGNC:12718,
MONDO:0100095,
http://purl.obolibrary.org/obo/MONDO_0018696,
CHEMBL:CHEMBL548681,
http://purl.obolibrary.org/obo/MONDO_0017809,
HGNC:30074,
http://purl.obolibrary.org/obo/MONDO_0008289,
MONDO:0010044,
https://identifiers.org/chembl:CHEMBL259421,
https://identifiers.org/chembl:CHEMBL590184,
MONDO:0010317,
https://identifiers.org/HGNC:3436,
MONDO:0013687,
https://identifiers.org/HGNC:2652,
http://purl.obolibrary.org/obo/RO_0003303,
https://identifiers.org/chembl:CHEMBL514057,
https://identifiers.org/chembl:CHEMBL1477760,
https://identifiers.org/HGNC:7106,
http://purl.obolibrary.org/obo/MONDO_0007298,
https://identifiers.org/chembl:CHEMBL586024,
https://identifiers.org/HGNC:3418,
CHEMBL:CHEMBL1466186,
https://identifiers.org/chembl:CHEMBL530115,
MONDO:0010534,
CHEMBL:CHEMBL599098,
http://purl.obolibrary.org/obo/MONDO_0013687,
https://identifiers.org/chembl:CHEMBL133714,
CHEMBL:CHEMBL601918,
https://identifiers.org/chembl:CHEMBL1574420,
https://identifiers.org/chembl:CHEMBL133576,
https://identifiers.org/chembl:CHEMBL601605,
http://purl.obolibrary.org/obo/MONDO_0014725,
https://identifiers.org/chembl:CHEMBL526034,
https://identifiers.org/chembl:CHEMBL599100,
https://identifiers.org/chembl:CHEMBL578890,
https://identifiers.org/chembl:CHEMBL548017,
MONDO:0032656,
CHEMBL:CHEMBL602561,
MONDO:0010549,
MONDO:0012766,
MONDO:0014233,
MONDO:0018129,
MONDO:0011445,
HGNC:16695,
https://identifiers.org/chembl:CHEMBL299853,
DIAMIDE,
https://identifiers.org/HGNC:21062,
https://identifiers.org/chembl:CHEMBL1576310,
http://purl.obolibrary.org/obo/MONDO_0008438,
Mental deterioration,
https://identifiers.org/chembl:CHEMBL463175,
http://purl.obolibrary.org/obo/MONDO_0011487,
MONDO:0008047,
CHEMBL:CHEMBL580324,
MONDO:0014290,
CHEMBL:CHEMBL590186,
PYRROLIDINE DITHIOCARBAMIC ACID, AMMONIUM SALT,
HGNC:16831,
https://identifiers.org/chembl:CHEMBL1899565,
hereditary progressive chorea without dementia,
CHEMBL:CHEMBL591628,
http://purl.obolibrary.org/obo/MONDO_0014684,
CHEMBL:CHEMBL577419,
PPP2R2B,
https://identifiers.org/HGNC:18060,
https://identifiers.org/chembl:CHEMBL259615,
https://identifiers.org/chembl:CHEMBL490355,
http://purl.obolibrary.org/obo/MONDO_0010030,
https://identifiers.org/chembl:CHEMBL78010,
CHEMBL:CHEMBL1902074,
https://identifiers.org/chembl:CHEMBL4596972,
HGNC:2202,
MONDO:0011194,
MONDO:0010524,
https://identifiers.org/chembl:CHEMBL210868,
MONDO:0013485,
http://purl.obolibrary.org/obo/MONDO_0014671,
MONDO:0015004,
CHEMBL:CHEMBL260342,
CHEMBL:CHEMBL1306524,
CHEMBL:CHEMBL473721,
normal pressure hydrocephalus,
MONDO:0004976,
https://identifiers.org/chembl:CHEMBL457091,
http://purl.obolibrary.org/obo/MONDO_0012651,
https://identifiers.org/chembl:CHEMBL85139,
https://identifiers.org/chembl:CHEMBL17201,
CHEMBL:CHEMBL526034,
MONDO:0030677,
HGNC:25230,
https://identifiers.org/chembl:CHEMBL600908,
https://identifiers.org/chembl:CHEMBL450802,
CHEMBL:CHEMBL1609016,
https://identifiers.org/HGNC:9352,
https://identifiers.org/chembl:CHEMBL563919,
CHEMBL:CHEMBL584442,
IRF6,
inherited Creutzfeldt-Jakob disease,
https://identifiers.org/HGNC:4878,
http://purl.obolibrary.org/obo/MONDO_0018868,
HGNC:12730,
https://identifiers.org/HGNC:7154,
CHEMBL:CHEMBL1320453,
https://identifiers.org/chembl:CHEMBL1257092,
MONDO:0013987,
https://identifiers.org/chembl:CHEMBL127579,
https://identifiers.org/HGNC:28242,
http://purl.obolibrary.org/obo/MONDO_0100156,
MONDO:0010382,
https://identifiers.org/chembl:CHEMBL605077,
HGNC:245,
frontotemporal dementia and/or amyotrophic lateral sclerosis 2,
http://purl.obolibrary.org/obo/MONDO_0033115,
MONDO:0018130,
http://purl.obolibrary.org/obo/MONDO_0012221,
http://purl.obolibrary.org/obo/MONDO_0004648,
HGNC:20373,
https://identifiers.org/HGNC:3033,
CHEMBL:CHEMBL576412,
ITRACONAZOLE,
MONDO:0012235,
CHEMBL:CHEMBL549208,
CHEMBL:CHEMBL590184,
CHEMBL:CHEMBL1431115,
https://identifiers.org/HGNC:6180,
XANTHOANGELOL,
https://identifiers.org/HGNC:3413,
MONDO:0008722,
NDP,
https://identifiers.org/HGNC:6912,
HGNC:3670,
http://purl.obolibrary.org/obo/MONDO_0024528,
http://purl.obolibrary.org/obo/MONDO_0009861,
https://identifiers.org/HGNC:7455,
MONDO:0010773,
https://identifiers.org/chembl:CHEMBL560296,
https://identifiers.org/chembl:CHEMBL1306556,
https://identifiers.org/HGNC:4177,
MONDO:0011585,
CHEMBL:CHEMBL548017,
Frontotemporal dementia,
http://purl.obolibrary.org/obo/MONDO_0024564,
HGNC:6218,
MT-TW,
http://purl.obolibrary.org/obo/MONDO_0012895,
http://purl.obolibrary.org/obo/MONDO_0032871,
CHEMBL:CHEMBL122701,
progressive supranuclear palsy,
MONDO:0018820,
http://purl.obolibrary.org/obo/MONDO_0012721,
https://identifiers.org/chembl:CHEMBL1449007,
CHEMBL:CHEMBL116548,
https://identifiers.org/chembl:CHEMBL587620,
HGNC:17019,
https://identifiers.org/HGNC:13666,
CHEMBL:CHEMBL600968,
http://purl.obolibrary.org/obo/MONDO_0014387,
https://identifiers.org/chembl:CHEMBL1354502,
https://identifiers.org/chembl:CHEMBL408563,
https://identifiers.org/chembl:CHEMBL2181041,
metachromatic leukodystrophy,
https://identifiers.org/chembl:CHEMBL259784,
CHEMBL:CHEMBL502774,
amyotrophic lateral sclerosis type 23,
2,3,4-TRIHYDROXY-4'-ETHOXYBENZOPHENONE,
CHEMBL:CHEMBL328710,
https://identifiers.org/chembl:CHEMBL588683,
MONDO:0010820,
https://identifiers.org/chembl:CHEMBL463574,
HGNC:18798,
CHEMBL:CHEMBL580609,
https://identifiers.org/chembl:CHEMBL533602,
https://identifiers.org/chembl:CHEMBL600103,
MONDO:0018696,
leukoencephalopathy, hereditary diffuse, with spheroids 2,
CHEMBL:CHEMBL408500,
http://purl.obolibrary.org/obo/MONDO_0014835,
MONDO:0010550,
T-817 MALEATE,
https://identifiers.org/chembl:CHEMBL582439,
CHEMBL:CHEMBL530361,
CHEMBL:CHEMBL1567041,
http://purl.obolibrary.org/obo/MONDO_0009463,
CHEMBL:CHEMBL1303948,
https://identifiers.org/chembl:CHEMBL591126,
MONDO:0014633,
https://identifiers.org/chembl:CHEMBL578504,
CHEMBL:CHEMBL235891,
https://identifiers.org/HGNC:7487,
cysticercosis,
https://identifiers.org/HGNC:27302,
https://identifiers.org/HGNC:2605,
MONDO:0957538,
http://purl.obolibrary.org/obo/MONDO_0009370,
HGNC:17494,
CHEMBL:CHEMBL599469,
ERBSTATIN,
CHEMBL:CHEMBL528807,
SNCB,
https://identifiers.org/chembl:CHEMBL172439,
https://identifiers.org/chembl:CHEMBL139935,
CHEMBL:CHEMBL589717,
MONDO:0017161,
https://identifiers.org/HGNC:25443,
http://purl.obolibrary.org/obo/MONDO_0008200,
MONDO:0032737,
CHEMBL:CHEMBL460508,
https://identifiers.org/HGNC:18654,
MONDO:0001945,
MONDO:0859183,
http://purl.obolibrary.org/obo/MONDO_0012321,
HGNC:18466,
https://identifiers.org/chembl:CHEMBL460508,
https://identifiers.org/HGNC:8820,
http://purl.obolibrary.org/obo/MONDO_0013722,
Wilson disease,
http://purl.obolibrary.org/obo/MONDO_0008458,
CHEMBL:CHEMBL1287980,
https://identifiers.org/chembl:CHEMBL469036,
https://identifiers.org/chembl:CHEMBL192627,
https://identifiers.org/HGNC:11758,
https://identifiers.org/chembl:CHEMBL428789,
http://purl.obolibrary.org/obo/MONDO_0015033,
CHEMBL:CHEMBL1549738,
https://identifiers.org/chembl:CHEMBL1256737,
ABeta amyloidosis, Italian type,
https://identifiers.org/chembl:CHEMBL590691,
https://identifiers.org/chembl:CHEMBL51931,
CHEMBL:CHEMBL601140,
https://identifiers.org/chembl:CHEMBL1393904,
MONDO:0010847,
behavioral variant of frontotemporal dementia,
HGNC:14977,
http://purl.obolibrary.org/obo/MONDO_0014940,
https://identifiers.org/chembl:CHEMBL2036124,
HGNC:12511,
CHEMBL:CHEMBL579837,
MONDO:0017176,
http://purl.obolibrary.org/obo/MONDO_0013150,
https://identifiers.org/HGNC:29478,
https://identifiers.org/chembl:CHEMBL3109738,
HGNC:12513,
CHEMBL:CHEMBL580727,
https://identifiers.org/chembl:CHEMBL601918,
neuronal intranuclear inclusion disease,
PYROGALLOL RED,
MONDO:0000914,
MONDO:0012221,
https://identifiers.org/HGNC:26941,
https://identifiers.org/chembl:CHEMBL1534035,
http://purl.obolibrary.org/obo/MONDO_0017241,
https://identifiers.org/HGNC:19946,
PHENETHYL PHENYLCARBAMATE,
http://purl.obolibrary.org/obo/MONDO_0859183,
cerebral sclerosis, diffuse, scholz type,
dilated cardiomyopathy 1V,
https://identifiers.org/HGNC:26169,
CHEMBL:CHEMBL602970,
http://purl.obolibrary.org/obo/HP_0002511,
HGNC:25358,
https://identifiers.org/chembl:CHEMBL210208,
CHEMBL:CHEMBL85826,
CHEMBL:CHEMBL234338,
Flynn-Aird syndrome,
MONDO:0014523,
https://identifiers.org/chembl:CHEMBL585654,
BISDEMETHOXYCURCUMIN,
http://purl.obolibrary.org/obo/MONDO_0008768,
HGNC:23166,
https://identifiers.org/chembl:CHEMBL129177,
hereditary spastic paraplegia 38,
http://purl.obolibrary.org/obo/MONDO_0859529,
MONDO:0007297,
https://identifiers.org/chembl:CHEMBL1814509,
CHEMBL:CHEMBL585656,
http://purl.obolibrary.org/obo/MONDO_0010847,
http://purl.obolibrary.org/obo/MONDO_0014530,
AURINTRICARBOXYLIC ACID,
HGNC:9498,
MONDO:0008084,
MONDO:0011613,
http://purl.obolibrary.org/obo/MONDO_0012103,
FANGCHINOLINE,
https://identifiers.org/chembl:CHEMBL1410006,
Wolfram-like syndrome,
https://identifiers.org/chembl:CHEMBL484853,
HGNC:16266,
MONDO:0008608,
https://identifiers.org/chembl:CHEMBL260311,
HGNC:17975,
http://purl.obolibrary.org/obo/MONDO_0012444,
MONDO:0014940,
HGNC:9509,
HGNC:13666,
https://identifiers.org/chembl:CHEMBL599098,
CHEMBL:CHEMBL1452227,
MONDO:0014776,
http://purl.obolibrary.org/obo/MONDO_0014531,
http://purl.obolibrary.org/obo/MONDO_0012198,
MONDO:0010080,
https://identifiers.org/HGNC:12799,
CHEMBL:CHEMBL365617,
CHEMBL:CHEMBL585591,
HGNC:8756,
HGNC:16947,
https://identifiers.org/HGNC:17494,
http://purl.obolibrary.org/obo/MONDO_0011781,
HGNC:17043,
MONDO:0018866,
http://purl.obolibrary.org/obo/MONDO_0009568,
http://purl.obolibrary.org/obo/MONDO_0009281,
MONDO:0957875,
HGNC:18654,
http://purl.obolibrary.org/obo/MONDO_0013392,
HGNC:13818,
HGNC:8768,
http://purl.obolibrary.org/obo/MONDO_0008963,
autosomal dominant popliteal pterygium syndrome,
MONDO:0011638,
https://identifiers.org/chembl:CHEMBL582715,
MT-CO1,
HGNC:7711,
HGNC:10852,
MONDO:0014364,
https://identifiers.org/chembl:CHEMBL528807,
HGNC:10548,
CCNF,
MONDO:0030482,
https://identifiers.org/HGNC:8804,
http://purl.obolibrary.org/obo/MONDO_0014827,
https://identifiers.org/HGNC:13356,
https://identifiers.org/chembl:CHEMBL66953,
http://purl.obolibrary.org/obo/MONDO_0010200,
http://purl.obolibrary.org/obo/MONDO_0010099,
CHEMBL:CHEMBL77387,
https://identifiers.org/HGNC:16235,
http://purl.obolibrary.org/obo/MONDO_0015271,
HGNC:9477,
http://purl.obolibrary.org/obo/MONDO_0014945,
MONDO:0018475,
MONDO:0010466,
https://identifiers.org/chembl:CHEMBL1479103,
https://identifiers.org/HGNC:23595,
MONDO:0012198,
CHEMBL:CHEMBL578502,
https://identifiers.org/chembl:CHEMBL421088,
http://purl.obolibrary.org/obo/MONDO_0032656,
https://identifiers.org/HGNC:7427,
primary progressive freezing gait,
https://identifiers.org/chembl:CHEMBL584458,
CHEMBL:CHEMBL1522984,
CHEMBL:CHEMBL584883,
https://identifiers.org/chembl:CHEMBL573111,
http://purl.obolibrary.org/obo/MONDO_0007433,
CHEMBL:CHEMBL2002849,
http://purl.obolibrary.org/obo/MONDO_0008981,
CHEMBL:CHEMBL584458,
https://identifiers.org/HGNC:870,
http://purl.obolibrary.org/obo/MONDO_0011703,
HGNC:24587,
MONDO:0014530,
https://identifiers.org/chembl:CHEMBL2107771,
CHEMBL:CHEMBL175266,
http://purl.obolibrary.org/obo/MONDO_0014640,
MONDO:0017175,
https://identifiers.org/chembl:CHEMBL1503729,
http://purl.obolibrary.org/obo/MONDO_0800306,
https://identifiers.org/HGNC:9722,
SNCA,
AFEGOSTAT TARTRATE,
HGNC:33782,
MONDO:0100294,
http://purl.obolibrary.org/obo/MONDO_0012790,
MONDO:0032871,
https://identifiers.org/chembl:CHEMBL2181040,
Chediak-Higashi syndrome,
https://identifiers.org/chembl:CHEMBL600255,
CYC-116,
TBK1,
https://identifiers.org/chembl:CHEMBL493737,
https://identifiers.org/HGNC:28072,
CHEMBL:CHEMBL1439833,
https://identifiers.org/HGNC:29666,
C9orf72,
http://purl.obolibrary.org/obo/MONDO_0010524,
HGNC:8140,
https://identifiers.org/HGNC:10549,
HGNC:613,
http://purl.obolibrary.org/obo/MONDO_0011897,
CYSTAMINE HYDROCHLORIDE,
https://identifiers.org/HGNC:15559,
BIS(DIMETHYLAMINETHIOCARBONYL)MONOSULFIDE,
HGNC:1349,
CIRSIMARITIN,
http://purl.obolibrary.org/obo/MONDO_0014204,
PRDX1,
HGNC:12585,
http://purl.obolibrary.org/obo/MONDO_0009839,
HGNC:11226,
CHEMBL:CHEMBL493863,
https://identifiers.org/chembl:CHEMBL589717,
CHEMBL:CHEMBL524603,
HGNC:28385,
http://purl.obolibrary.org/obo/MONDO_0016305,
HGNC:12449,
https://identifiers.org/chembl:CHEMBL578741,
HGNC:17761,
HGNC:48,
https://identifiers.org/HGNC:17433,
CHEMBL:CHEMBL589715,
https://identifiers.org/HGNC:25230,
CHEMBL:CHEMBL601146,
ABCD1,
http://purl.obolibrary.org/obo/MONDO_0011327,
https://identifiers.org/chembl:CHEMBL589694,
OBTUSAQUINONE,
https://identifiers.org/chembl:CHEMBL520897,
MONDO:0008199,
http://purl.obolibrary.org/obo/MONDO_0008836,
http://purl.obolibrary.org/obo/MONDO_0014862,
HGNC:28422,
https://identifiers.org/chembl:CHEMBL257158,
CHEMBL:CHEMBL1701915,
CHEMBL:CHEMBL1170485,
https://identifiers.org/chembl:CHEMBL1606,
CHEMBL:CHEMBL585502,
https://identifiers.org/chembl:CHEMBL464433,
CHEMBL:CHEMBL526776,
https://identifiers.org/HGNC:20373,
CHEMBL:CHEMBL588327,
https://identifiers.org/HGNC:18540,
MONDO:0010047,
https://identifiers.org/chembl:CHEMBL1997335,
https://identifiers.org/chembl:CHEMBL601367,
http://purl.obolibrary.org/obo/MONDO_0018866,
MONDO:0100224,
GW305074X,
https://identifiers.org/HGNC:6396,
https://identifiers.org/chembl:CHEMBL372629,
CHEMBL:CHEMBL596633,
CHEMBL:CHEMBL1490332,
LOBARIC ACID,
CHEMBL:CHEMBL1467200,
CHEMBL:CHEMBL576208,
http://purl.obolibrary.org/obo/MONDO_0012256,
https://identifiers.org/chembl:CHEMBL463526,
6-HYDROXYFLAVONE,
ERCC8,
https://identifiers.org/chembl:CHEMBL1256388,
CHEMBL:CHEMBL603952,
https://identifiers.org/HGNC:12511,
https://identifiers.org/chembl:CHEMBL1452227,
http://purl.obolibrary.org/obo/MONDO_0018656,
https://identifiers.org/HGNC:25875,
MONDO:0008200,
https://identifiers.org/chembl:CHEMBL449081,
http://purl.obolibrary.org/obo/MONDO_0010156,
https://identifiers.org/chembl:CHEMBL233302,
https://identifiers.org/chembl:CHEMBL144472,
https://identifiers.org/chembl:CHEMBL601364,
https://identifiers.org/chembl:CHEMBL495873,
MONDO:0014827,
MT-TQ,
MONDO:0017174,
http://purl.obolibrary.org/obo/MONDO_0012334,
METHYLCURCUMIN,
http://purl.obolibrary.org/obo/MONDO_0017575,
https://identifiers.org/chembl:CHEMBL546797,
RNF216,
https://identifiers.org/HGNC:7711,
MONDO:0032610,
MONDO:0016079,
http://purl.obolibrary.org/obo/MONDO_0008045,
https://identifiers.org/HGNC:14418,
SERPINI1,
4,4'-DIMETHOXYDALBERGIONE,
https://identifiers.org/HGNC:12509,
http://purl.obolibrary.org/obo/MONDO_0001945,
CHEMBL:CHEMBL581574,
https://identifiers.org/chembl:CHEMBL2002849,
HGNC:10648,
CHEMBL:CHEMBL576362,
http://purl.obolibrary.org/obo/MONDO_0011803,
HGNC:9689,
https://identifiers.org/chembl:CHEMBL2106060,
ZAPA,
HGNC:9449,
https://identifiers.org/HGNC:2074,
https://identifiers.org/chembl:CHEMBL1436860,
MONDO:0011833,
CHEMBL:CHEMBL1453126,
http://purl.obolibrary.org/obo/MONDO_0032758,
https://identifiers.org/chembl:CHEMBL1462710,
http://purl.obolibrary.org/obo/MONDO_0054573,
HGNC:15469,
http://purl.obolibrary.org/obo/MONDO_0010258,
MONDO:0009949,
MONDO:0957813,
https://identifiers.org/chembl:CHEMBL609628,
http://purl.obolibrary.org/obo/MONDO_0100079,
http://purl.obolibrary.org/obo/MONDO_0009783,
http://purl.obolibrary.org/obo/MONDO_0958199,
http://purl.obolibrary.org/obo/HP_0000726,
https://identifiers.org/HGNC:18466,
https://identifiers.org/chembl:CHEMBL310934,
TYRPHOSTIN 23,
http://purl.obolibrary.org/obo/MONDO_0012514,
CHEMBL:CHEMBL85194,
https://identifiers.org/HGNC:25198,
https://identifiers.org/chembl:CHEMBL473721,
https://identifiers.org/HGNC:26053,
HP:0000726,
http://purl.obolibrary.org/obo/MONDO_0008935,
HP:0007256,
MONDO:0016563,
https://identifiers.org/chembl:CHEMBL602969,
https://identifiers.org/HGNC:8957,
https://identifiers.org/chembl:CHEMBL1521156,
https://identifiers.org/chembl:CHEMBL1546228,
https://identifiers.org/HGNC:10940,
HGNC:119,
FUMARPROTOCETRARIC ACID,
https://identifiers.org/HGNC:2719,
HGNC:11114,
https://identifiers.org/chembl:CHEMBL1487183,
https://identifiers.org/chembl:CHEMBL4297407,
https://identifiers.org/chembl:CHEMBL591598,
https://identifiers.org/chembl:CHEMBL275391,
http://purl.obolibrary.org/obo/MONDO_0005835,
CHEMBL:CHEMBL1989853,
https://identifiers.org/chembl:CHEMBL578257,
https://identifiers.org/HGNC:18305,
CHEMBL:CHEMBL1984884,
https://identifiers.org/chembl:CHEMBL600747,
https://identifiers.org/chembl:CHEMBL177126,
https://identifiers.org/chembl:CHEMBL601385,
http://purl.obolibrary.org/obo/MONDO_0013049,
http://purl.obolibrary.org/obo/MONDO_0008178,
KAMEBANIN,
CHEMBL:CHEMBL1306556,
https://identifiers.org/HGNC:2244,
CHEMBL:CHEMBL1546228,
http://purl.obolibrary.org/obo/MONDO_0016594,
CHEMBL:CHEMBL52884,
childhood disintegrative disorder,
MONDO:0013552,
Frontal lobe dementia,
http://purl.obolibrary.org/obo/MONDO_0024457,
CHEMBL:CHEMBL1445650,
http://purl.obolibrary.org/obo/MONDO_0010418,
CHEMBL:CHEMBL1326164,
ALEXIDINE HYDROCHLORIDE,
https://identifiers.org/chembl:CHEMBL580324,
CHEMBL:CHEMBL548540,
Wolfram syndrome,
Frontolimbic dementia,
NOTCH2NLC,
http://purl.obolibrary.org/obo/MONDO_0016730,
HGNC:21022,
HGNC:28984,
CHEMBL:CHEMBL1412489,
young-onset Parkinson disease,
MONDO:0011006,
https://identifiers.org/chembl:CHEMBL261123,
HGNC:3951,
CHEMBL:CHEMBL601353,
https://identifiers.org/chembl:CHEMBL375781,
https://identifiers.org/chembl:CHEMBL600968,
http://purl.obolibrary.org/obo/MONDO_0001627,
https://identifiers.org/chembl:CHEMBL1256291,
https://identifiers.org/chembl:CHEMBL75756,
MONDO:0013737,
HGNC:3775,
HGNC:16268,
GERONTOXANTHONE H,
MONDO:0030035,
http://purl.obolibrary.org/obo/MONDO_0060745,
http://purl.obolibrary.org/obo/MONDO_0008457,
CHEMBL:CHEMBL548615,
https://identifiers.org/HGNC:28984,
https://identifiers.org/chembl:CHEMBL76904,
https://identifiers.org/chembl:CHEMBL578944,
MAHANIMBINE,
https://identifiers.org/chembl:CHEMBL214154,
https://identifiers.org/HGNC:613,
MONDO:0018423,
MONDO:0008457,
HGNC:12405,
KASANOSIN B,
MONDO:0008858,
sporadic adult-onset ataxia of unknown etiology,
CHEMBL:CHEMBL421088,
https://identifiers.org/chembl:CHEMBL2094789,
CHEMBL:CHEMBL17784,
https://identifiers.org/chembl:CHEMBL43612,
http://purl.obolibrary.org/obo/MONDO_0010709,
http://purl.obolibrary.org/obo/MONDO_0008842,
PROTOAPIGENONE,
http://purl.obolibrary.org/obo/MONDO_0014545,
HGNC:1394,
https://identifiers.org/chembl:CHEMBL87333,
http://purl.obolibrary.org/obo/HP_0003487,
https://identifiers.org/chembl:CHEMBL412603,
https://identifiers.org/HGNC:11005,
ALAZANINE,
https://identifiers.org/chembl:CHEMBL244707,
https://identifiers.org/chembl:CHEMBL153505,
https://identifiers.org/chembl:CHEMBL176045,
http://purl.obolibrary.org/obo/HP_0000727,
MONDO:0030696,
CHEMBL:CHEMBL458094,
HGNC:4283,
inclusion body myopathy with early-onset Paget disease with or without frontotemporal dementia 2,
PARAROSANILINE,
https://identifiers.org/HGNC:7500,
MONDO:0010043,
CHEMBL:CHEMBL1498652,
HGNC:20858,
TRIADIMEFON,
basal ganglia calcification, idiopathic, 5,
CHEMBL:CHEMBL600778,
https://identifiers.org/chembl:CHEMBL429095,
MONDO:0957958,
MONDO:0013306,
GEOPYXIN A,
CHEMBL:CHEMBL578928,
HGNC:23595,
CHEMBL:CHEMBL580076,
https://identifiers.org/chembl:CHEMBL600353,
https://identifiers.org/chembl:CHEMBL595227,
http://purl.obolibrary.org/obo/MONDO_0009749,
https://identifiers.org/HGNC:12585,
ONONETIN,
CHEMBL:CHEMBL374632,
http://purl.obolibrary.org/obo/MONDO_0054791,
CHEMBL:CHEMBL1397308,
familial chylomicronemia syndrome,
HGNC:8514,
CHEMBL:CHEMBL586031,
https://identifiers.org/chembl:CHEMBL168276,
https://identifiers.org/HGNC:2858,
CHEMBL:CHEMBL411085,
http://purl.obolibrary.org/obo/MONDO_0017722,
http://purl.obolibrary.org/obo/MONDO_0017730,
https://identifiers.org/HGNC:22407,
HGNC:756,
https://identifiers.org/HGNC:25439,
CHOLESTAN-3BETA,5ALPHA,6BETA-TRIOL,
https://identifiers.org/chembl:CHEMBL585656,
CHEMBL:CHEMBL1534035,
CHEMBL:CHEMBL1567571,
CHEMBL:CHEMBL1333386,
HGNC:16287,
MONDO:0007191,
MT-TF,
https://identifiers.org/chembl:CHEMBL592316,
http://purl.obolibrary.org/obo/MONDO_0011835,
CHEMBL:CHEMBL546493,
catastrophic antiphospholipid syndrome,
CHEMBL:CHEMBL2181046,
https://identifiers.org/chembl:CHEMBL531322,
CHEMBL:CHEMBL1889303,
https://identifiers.org/HGNC:29043,
https://identifiers.org/HGNC:12666,
http://purl.obolibrary.org/obo/MONDO_0014841,
http://purl.obolibrary.org/obo/MONDO_0008608,
CHEMBL:CHEMBL233194,
http://purl.obolibrary.org/obo/MONDO_0012643,
http://purl.obolibrary.org/obo/MONDO_0013594,
HGNC:7106,
https://identifiers.org/chembl:CHEMBL2095095,
MONDO:0032828,
https://identifiers.org/HGNC:14581,
MONDO:0008767,
https://identifiers.org/HGNC:10561,
http://purl.obolibrary.org/obo/MONDO_0007496,
http://purl.obolibrary.org/obo/MONDO_0012278,
MONDO:0010547,
HGNC:6990,
HGNC:574,
HGNC:2719,
CHEMBL:CHEMBL211670,
https://identifiers.org/HGNC:8514,
https://identifiers.org/chembl:CHEMBL523200,
https://identifiers.org/chembl:CHEMBL103583,
https://identifiers.org/chembl:CHEMBL576362,
MONDO:0012719,
MONDO:0100079,
https://identifiers.org/chembl:CHEMBL2035185,
HGNC:23287,
http://purl.obolibrary.org/obo/MONDO_0009054,
http://purl.obolibrary.org/obo/MONDO_0957576,
ARUNDINE,
CHEMBL:CHEMBL99408,
HGNC:21645,
http://purl.obolibrary.org/obo/MONDO_0008781,
http://purl.obolibrary.org/obo/MONDO_0014776,
https://identifiers.org/chembl:CHEMBL502774,
https://identifiers.org/chembl:CHEMBL578928,
http://purl.obolibrary.org/obo/MONDO_0016163,
CHEMBL:CHEMBL591876,
MONDO:0012098,
pellagra,
https://identifiers.org/chembl:CHEMBL1518159,
CHLOROTHALONIL,
https://identifiers.org/chembl:CHEMBL1902074,
CHELERYTHRINE CHLORIDE,
MONDO:0007325,
HGNC:9039,
CHEMBL:CHEMBL578636,
amyotrophic lateral sclerosis type 15,
http://purl.obolibrary.org/obo/MONDO_0018222,
MONDO:0014503,
https://identifiers.org/chembl:CHEMBL171699,
http://purl.obolibrary.org/obo/MONDO_0005620,
http://purl.obolibrary.org/obo/MONDO_0013971,
http://purl.obolibrary.org/obo/MONDO_0030835,
MONDO:0007089,
CHEMBL:CHEMBL17201,
HGNC:9086,
HGNC:10923,
https://identifiers.org/HGNC:13308,
https://identifiers.org/HGNC:8800,
http://purl.obolibrary.org/obo/MONDO_0010354,
https://identifiers.org/HGNC:6893,
ABeta amyloidosis, dutch type,
HGNC:16133,
https://identifiers.org/chembl:CHEMBL433680,
https://identifiers.org/chembl:CHEMBL718,
https://identifiers.org/chembl:CHEMBL429335,
MONDO:0009620,
https://identifiers.org/chembl:CHEMBL284028,
MONDO:0012984,
CHEMBL:CHEMBL1481509,
https://identifiers.org/chembl:CHEMBL601952,
MT-CO3,
CHEMBL:CHEMBL538104,
CHEMBL:CHEMBL1451216,
CEPHALOCHROMIN,
http://purl.obolibrary.org/obo/MONDO_0017160,
https://identifiers.org/chembl:CHEMBL538542,
https://identifiers.org/chembl:CHEMBL525103,
http://purl.obolibrary.org/obo/MONDO_0020488,
https://identifiers.org/HGNC:977,
https://identifiers.org/HGNC:7739,
CHEMBL:CHEMBL579957,
HGNC:7981,
CHEMBL:CHEMBL601547,
vascular dementia,
cerebral amyloid angiopathy,
MONDO:0013392,
http://purl.obolibrary.org/obo/MONDO_0020749,
PETROSIOL A,
HGNC:12649,
HGNC:4137,
http://purl.obolibrary.org/obo/MONDO_0014523,
https://identifiers.org/HGNC:4137,
MONDO:0032526,
http://purl.obolibrary.org/obo/MONDO_0007088,
inclusion body myopathy with Paget disease of bone and frontotemporal dementia,
https://identifiers.org/HGNC:7481,
MONDO:0007433,
https://identifiers.org/chembl:CHEMBL1327172,
CHEMBL:CHEMBL515252,
CHEMBL:CHEMBL473735,
CHEMBL:CHEMBL1256660,
CHEMBL:CHEMBL1519374,
https://identifiers.org/HGNC:18514,
FASUDIL HYDROCHLORIDE,
MONDO:0016091,
https://identifiers.org/HGNC:7687,
http://purl.obolibrary.org/obo/HP_0007123,
CHEMBL:CHEMBL580421,
(R,S)-INDATRALINE,
https://identifiers.org/chembl:CHEMBL600778,
MONDO:0012103,
https://identifiers.org/HGNC:9117,
HGNC:19918,
HGNC:14537,
https://identifiers.org/chembl:CHEMBL74852,
CONGO RED,
PURPUROGALLIN,
https://identifiers.org/chembl:CHEMBL175266,
CHEMBL:CHEMBL273103,
https://identifiers.org/HGNC:20,
https://identifiers.org/chembl:CHEMBL483633,
TETRAHYDROCURCUMIN,
https://identifiers.org/chembl:CHEMBL1390716,
https://identifiers.org/chembl:CHEMBL318743,
https://identifiers.org/chembl:CHEMBL576208,
http://purl.obolibrary.org/obo/MONDO_0010235,
http://purl.obolibrary.org/obo/MONDO_0957875,
HGNC:25875,
JI-101,
N-AMINOHEXYL-5-CHLORO-1-NAPTHALENESULFONAMIDE HYDROCHLORIDE,
http://purl.obolibrary.org/obo/MONDO_0018423,
http://purl.obolibrary.org/obo/MONDO_0009265,
MONDO:0014916,
CHEMBL:CHEMBL227959,
CHEMBL:CHEMBL1574420,
HGNC:8983,
CHEMBL:CHEMBL444376,
http://purl.obolibrary.org/obo/MONDO_0017176,
HGNC:26941,
MONDO:0013048,
CHEMBL:CHEMBL261123,
ONONIN,
GBA1,
https://identifiers.org/chembl:CHEMBL1374535,
https://identifiers.org/chembl:CHEMBL1304363,
https://identifiers.org/chembl:CHEMBL510279,
HGNC:7707,
https://identifiers.org/chembl:CHEMBL116548,
https://identifiers.org/chembl:CHEMBL600107,
MONDO:0010878,
https://identifiers.org/chembl:CHEMBL1367933,
https://identifiers.org/chembl:CHEMBL1979636,
https://identifiers.org/chembl:CHEMBL1371413,
CHEMBL:CHEMBL601385,
MONDO:0009370,
MONDO:0013132,
http://purl.obolibrary.org/obo/MONDO_0012235,
CHEMBL:CHEMBL590686,
https://identifiers.org/HGNC:19714,
torsion dystonia 4,
CHEMBL:CHEMBL1304363,
http://purl.obolibrary.org/obo/MONDO_0011445,
http://purl.obolibrary.org/obo/MONDO_0012867,
MONDO:0013049,
https://identifiers.org/HGNC:10586,
https://identifiers.org/HGNC:21645,
http://purl.obolibrary.org/obo/MONDO_0010080,
https://identifiers.org/HGNC:23166,
2200,
MONDO:0008795,
HGNC:10947,
HGNC:95,
https://identifiers.org/chembl:CHEMBL601554,
CHEMBL:CHEMBL598903,
http://purl.obolibrary.org/obo/MONDO_0014004,
EMODIC ACID,
http://identifiers.org/sio:SIO_010038,
https://identifiers.org/HGNC:6990,
frontotemporal dementia and/or amyotrophic lateral sclerosis 1,
amyotrophic lateral sclerosis type 22,
http://purl.obolibrary.org/obo/MONDO_0009590,
https://identifiers.org/chembl:CHEMBL426,
https://identifiers.org/HGNC:30563,
http://purl.obolibrary.org/obo/MONDO_0015004,
https://identifiers.org/chembl:CHEMBL126804,
MONDO:0010031,
frontotemporal dementia and/or amyotrophic lateral sclerosis 3,
https://identifiers.org/HGNC:4851,
DAPH,
KEPONE,
CHRYSIN DIMETHYL ETHER,
http://purl.obolibrary.org/obo/MONDO_0009610,
https://identifiers.org/chembl:CHEMBL47986,
https://identifiers.org/chembl:CHEMBL1329029,
MONDO:0015140,
HGNC:20278,
CHEMBL:CHEMBL466465,
https://identifiers.org/chembl:CHEMBL444376,
ERGOCRISTINE,
https://identifiers.org/HGNC:14686,
https://identifiers.org/HGNC:16831,
http://purl.obolibrary.org/obo/MONDO_0014742,
DGUOK,
http://purl.obolibrary.org/obo/MONDO_0017946,
HGNC:25964,
https://identifiers.org/HGNC:2475,
https://identifiers.org/HGNC:6115,
CHEMBL:CHEMBL1367933,
HGNC:7687,
https://identifiers.org/chembl:CHEMBL578636,
http://purl.obolibrary.org/obo/MONDO_0007104,
HGNC:14418,
MONDO:0012476,
CHEMBL:CHEMBL585654,
https://identifiers.org/chembl:CHEMBL133342,
MONDO:0012256,
CHEMBL:CHEMBL126804,
http://purl.obolibrary.org/obo/MONDO_0010046,
http://purl.obolibrary.org/obo/MONDO_0017222,
DEPHOSTATIN,
http://purl.obolibrary.org/obo/MONDO_0007105,
https://identifiers.org/HGNC:9498,
https://identifiers.org/chembl:CHEMBL1516890,
https://identifiers.org/chembl:CHEMBL1326164,
http://purl.obolibrary.org/obo/MONDO_0011738,
https://identifiers.org/chembl:CHEMBL580130,
https://identifiers.org/chembl:CHEMBL1242194,
CHEMBL:CHEMBL1372046,
MONDO:0011913,
https://identifiers.org/chembl:CHEMBL1725279,
https://identifiers.org/chembl:CHEMBL591137,
CHEMBL:CHEMBL600554,
MONDO:0010709,
HGNC:575,
BISANHYDRORUTILANTINONE,
Huntington disease-like 1,
https://identifiers.org/HGNC:14537,
https://identifiers.org/chembl:CHEMBL589444,
CHEMBL:CHEMBL587849,
MONDO:0032758,
https://identifiers.org/HGNC:7491,
MONDO:0033645,
http://purl.obolibrary.org/obo/MONDO_0009830,
https://identifiers.org/HGNC:29682,
https://identifiers.org/chembl:CHEMBL601192,
http://purl.obolibrary.org/obo/MONDO_0013673,
http://purl.obolibrary.org/obo/MONDO_0010550,
MONDO:0005574,
MONDO:0011841,
MONDO:0020749,
BENZOXATHIAN,
MONDO:0011873,
https://identifiers.org/chembl:CHEMBL1479114,
CHEMBL:CHEMBL578915,
MONDO:0030967,
MONDO:0020352,
MONDO:0010258,
MT-ND1,
http://www.w3.org/1999/02/22-rdf-syntax-ns#Property,
MONDO:0015271,
http://purl.obolibrary.org/obo/MONDO_0859257,
CHEMBL:CHEMBL546344,
parkinsonism with dementia of Guadeloupe,
https://identifiers.org/HGNC:4117,
HGNC:2584,
MONDO:0018591,
https://identifiers.org/chembl:CHEMBL586135,
CHEMBL:CHEMBL579318,
https://identifiers.org/HGNC:7461,
Huntington disease,
MONDO:0014702,
https://identifiers.org/chembl:CHEMBL408850,
MONDO:0010060,
http://purl.obolibrary.org/obo/MONDO_0020352,
https://identifiers.org/chembl:CHEMBL586937,
HGNC:1618,
https://identifiers.org/HGNC:21197,
CHEMBL:CHEMBL581225,
HGNC:8157,
http://purl.obolibrary.org/obo/MONDO_0013803,
https://identifiers.org/chembl:CHEMBL582507,
https://identifiers.org/chembl:CHEMBL473735,
HGNC:6783,
UBQLN2,
https://identifiers.org/chembl:CHEMBL1492044,
https://identifiers.org/HGNC:17123,
https://identifiers.org/HGNC:573,
CHEMBL:CHEMBL600747,
https://identifiers.org/chembl:CHEMBL1395447,
DIHYDROGAMBOGIC ACID,
http://purl.obolibrary.org/obo/MONDO_0018591,
CP,
https://identifiers.org/chembl:CHEMBL173530,
MONDO:0014718,
MONDO:0010936,
internal carotid arteries, hypoplasia of,
HGNC:30213,
https://identifiers.org/HGNC:11427,
http://purl.obolibrary.org/obo/HP_0010875,
http://purl.obolibrary.org/obo/MONDO_0024538,
https://identifiers.org/HGNC:8157,
CHEMBL:CHEMBL601605,
https://identifiers.org/chembl:CHEMBL528694,
HGNC:11588,
HP:0002423,
http://purl.obolibrary.org/obo/MONDO_0859304,
https://identifiers.org/chembl:CHEMBL530049,
https://identifiers.org/chembl:CHEMBL586031,
6,4'-DIMETHOXYFLAVONE,
bilateral striopallidodentate calcinosis,
http://purl.obolibrary.org/obo/MONDO_0850514,
https://identifiers.org/HGNC:15832,
https://identifiers.org/chembl:CHEMBL582473,
HGNC:6215,
MT-ATP6,
https://identifiers.org/HGNC:756,
HGNC:3438,
https://identifiers.org/chembl:CHEMBL146710,
HGNC:32952,
https://identifiers.org/chembl:CHEMBL348436,
MONDO:0009561,
LASALOCID A SODIUM,
https://identifiers.org/chembl:CHEMBL534353,
https://identifiers.org/chembl:CHEMBL528181,
BENZYL CAFFEATE,
https://identifiers.org/HGNC:7414,
https://identifiers.org/HGNC:2158,
MONDO:0008981,
CHEMBL:CHEMBL1420181,
https://identifiers.org/chembl:CHEMBL577419,
https://identifiers.org/chembl:CHEMBL1306524,
https://identifiers.org/chembl:CHEMBL85194,
http://purl.obolibrary.org/obo/MONDO_0014633,
https://identifiers.org/HGNC:10935,
RAB39B,
HEXA,
CHEMBL:CHEMBL591404,
https://identifiers.org/chembl:CHEMBL1390650,
https://identifiers.org/chembl:CHEMBL67535,
DNMT1,
MONDO:0017241,
chorea-acanthocytosis,
3,4-DIDESMETHYL-5-DESHYDROXY-3'-ETHOXYSCLEROIN,
http://identifiers.org/sio:SIO_010299,
https://identifiers.org/HGNC:10468,
MONDO:0859309,
CHEMBL:CHEMBL603154,
HP:0031993,
https://identifiers.org/HGNC:10947,
CHEMBL:CHEMBL579045,
CHEMBL:CHEMBL532160,
https://identifiers.org/chembl:CHEMBL1330352,
HGNC:10561,
https://identifiers.org/HGNC:9438,
CHEMBL:CHEMBL1795737,
https://identifiers.org/chembl:CHEMBL1426508,
LAURYL ISOQUINOLINIUM,
http://purl.obolibrary.org/obo/MONDO_0012241,
CHEMBL:CHEMBL573111,
MONDO:0700295,
CHEMBL:CHEMBL2095095,
https://identifiers.org/HGNC:7498,
http://purl.obolibrary.org/obo/MONDO_0010691,
http://purl.obolibrary.org/obo/MONDO_0008695,
https://identifiers.org/chembl:CHEMBL1701915,
http://purl.obolibrary.org/obo/MONDO_0013306,
https://identifiers.org/HGNC:575,
CHEMBL:CHEMBL252417,
https://identifiers.org/chembl:CHEMBL533293,
http://purl.obolibrary.org/obo/MONDO_0060456,
https://identifiers.org/chembl:CHEMBL580183,
https://identifiers.org/chembl:CHEMBL184074,
HGNC:4117,
https://identifiers.org/chembl:CHEMBL234338,
MONDO:0010808,
STICTIC ACID,
http://purl.obolibrary.org/obo/MONDO_0008722,
https://identifiers.org/HGNC:11138,
CHEMBL:CHEMBL525103,
MONDO:0060745,
http://purl.obolibrary.org/obo/MONDO_0010459,
http://purl.obolibrary.org/obo/MONDO_0010043,
HGNC:469,
HGNC:16791,
http://purl.obolibrary.org/obo/RO_0002200,
https://identifiers.org/HGNC:6600,
CHEMBL:CHEMBL607138,
https://identifiers.org/HGNC:21698,
http://purl.obolibrary.org/obo/MONDO_0100294,
HGNC:10586,
http://purl.obolibrary.org/obo/HP_0002439,
https://identifiers.org/chembl:CHEMBL602990,
http://purl.obolibrary.org/obo/MONDO_0958018,
https://identifiers.org/chembl:CHEMBL5314391,
MONDO:0018210,
http://purl.obolibrary.org/obo/MONDO_0011562,
CHEMBL:CHEMBL582030,
hereditary sensory neuropathy-deafness-dementia syndrome,
HGNC:28912,
HGNC:9722,
http://purl.obolibrary.org/obo/MONDO_0957788,
https://identifiers.org/chembl:CHEMBL600694,
https://identifiers.org/chembl:CHEMBL40583,
https://identifiers.org/HGNC:25519,
http://purl.obolibrary.org/obo/MONDO_0013987,
MONDO:0013354,
http://purl.obolibrary.org/obo/MONDO_0018644,
https://identifiers.org/chembl:CHEMBL1543865,
https://identifiers.org/HGNC:11114,
https://identifiers.org/HGNC:10923,
https://identifiers.org/chembl:CHEMBL247471,
http://purl.obolibrary.org/obo/MONDO_0009445,
http://purl.obolibrary.org/obo/MONDO_0033614,
https://identifiers.org/HGNC:9179,
https://identifiers.org/chembl:CHEMBL84010,
CHEMBL:CHEMBL602740,
http://purl.obolibrary.org/obo/MONDO_0011797,
HGNC:589,
HGNC:26053,
https://identifiers.org/chembl:CHEMBL1420181,
MACLURAXANTHONE,
CEAROIN,
https://identifiers.org/HGNC:19918,
https://identifiers.org/HGNC:9437,
CUBN,
HGNC:30348,
https://identifiers.org/chembl:CHEMBL408653,
http://purl.obolibrary.org/obo/MONDO_0054835,
DEHYDROVARIABILIN,
http://purl.obolibrary.org/obo/MONDO_0014273,
MONDO:0011743,
frontotemporal dementia and/or amyotrophic lateral sclerosis 5,
https://identifiers.org/chembl:CHEMBL446315,
https://identifiers.org/chembl:CHEMBL221907,
http://purl.obolibrary.org/obo/MONDO_0014768,
http://purl.obolibrary.org/obo/MONDO_0971063,
http://purl.obolibrary.org/obo/MONDO_0014506,
http://purl.obolibrary.org/obo/MONDO_0011632,
CHEMBL:CHEMBL260213,
MONDO:0007496,
MONDO:0032938,
http://purl.obolibrary.org/obo/MONDO_0012784,
https://identifiers.org/chembl:CHEMBL196814,
CHEMBL:CHEMBL529939,
https://identifiers.org/HGNC:25964,
HGNC:1527,
CHEMBL:CHEMBL587620,
https://identifiers.org/chembl:CHEMBL600313,
CHEMBL:CHEMBL582715,
http://purl.obolibrary.org/obo/MONDO_0859309,
https://identifiers.org/chembl:CHEMBL546344,
MONDO:0018923,
https://identifiers.org/HGNC:4593,
GETIACAULEIN,
MONDO:0009757,
HGNC:1356,
https://identifiers.org/chembl:CHEMBL456295,
https://identifiers.org/chembl:CHEMBL601146,
https://identifiers.org/chembl:CHEMBL546597,
CHEMBL:CHEMBL530291,
9,10-PHENANTHRENEQUINONE,
https://identifiers.org/chembl:CHEMBL1834675,
CHEMBL:CHEMBL534535,
CHEMBL:CHEMBL2094573,
HGNC:869,
https://identifiers.org/chembl:CHEMBL1412489,
https://identifiers.org/chembl:CHEMBL3545314,
progressive myoclonic epilepsy type 3,
HGNC:13601,
https://identifiers.org/HGNC:7422,
HGNC:10680,
MONDO:0018006,
HGNC:535,
MONDO:0012138,
CHEMBL:CHEMBL527271,
HAEMATOXYLIN,
https://identifiers.org/chembl:CHEMBL1243244,
https://identifiers.org/chembl:CHEMBL1255835,
https://identifiers.org/chembl:CHEMBL1553566,
http://purl.obolibrary.org/obo/MONDO_0017174,
http://purl.obolibrary.org/obo/MONDO_0036484,
https://identifiers.org/HGNC:9086,
https://identifiers.org/chembl:CHEMBL392068,
https://identifiers.org/chembl:CHEMBL1201733,
https://identifiers.org/HGNC:11953,
CHEMBL:CHEMBL1256364,
https://identifiers.org/chembl:CHEMBL241858,
3303,
CHEMBL:CHEMBL2094789,
http://purl.obolibrary.org/obo/MONDO_0009958,
https://identifiers.org/chembl:CHEMBL578061,
SPTLC1,
PRDM8,
https://identifiers.org/chembl:CHEMBL242011,
https://identifiers.org/chembl:CHEMBL1436035,
https://identifiers.org/HGNC:7419,
MONDO:0012622,
HGNC:2244,
http://purl.obolibrary.org/obo/MONDO_0014864,
MONDO:0019366,
https://identifiers.org/chembl:CHEMBL269733,
CHEMBL:CHEMBL1079460,
https://identifiers.org/HGNC:16287,
http://purl.obolibrary.org/obo/MONDO_0020527,
http://purl.obolibrary.org/obo/MONDO_0011759,
https://identifiers.org/chembl:CHEMBL602987,
http://purl.obolibrary.org/obo/MONDO_0013165,
https://identifiers.org/HGNC:11536,
CHEMBL:CHEMBL1588679,
https://identifiers.org/HGNC:32925,
MT-TK,
https://identifiers.org/chembl:CHEMBL466465,
https://identifiers.org/HGNC:40045,
MT-TV,
https://identifiers.org/HGNC:1394,
HGNC:620,
CHEMBL:CHEMBL505670,
http://purl.obolibrary.org/obo/MONDO_0014866,
MONDO:0011759,
https://identifiers.org/HGNC:10560,
spinocerebellar ataxia type 17,
autosomal dominant Parkinson disease 8,
CHEMBL:CHEMBL1257092,
https://identifiers.org/chembl:CHEMBL524603,
CHEMBL:CHEMBL74852,
https://identifiers.org/chembl:CHEMBL546493,
MONDO:0011706,
https://identifiers.org/chembl:CHEMBL578512,
HGNC:13709,
HGNC:1908,
https://identifiers.org/chembl:CHEMBL2094573,
DEMETHOXYCURCUMIN,
https://identifiers.org/chembl:CHEMBL1373255,
CHEMBL:CHEMBL259784,
CHEMBL:CHEMBL1523215,
https://identifiers.org/chembl:CHEMBL1436980,
CHEMBL:CHEMBL1330352,
Cushing disease due to pituitary adenoma,
http://purl.obolibrary.org/obo/MONDO_0011283,
TETROQUINONE,
HGNC:2652,
cataract, congenital, with mental impairment and dentate gyrus atrophy,
https://identifiers.org/HGNC:6222,
CHEMBL:CHEMBL583578,
https://identifiers.org/HGNC:30348,
https://identifiers.org/HGNC:6235,
MONDO:0036484,
CHEMBL:CHEMBL600353,
https://identifiers.org/HGNC:31708,
https://identifiers.org/HGNC:1349,
http://purl.obolibrary.org/obo/MONDO_0019208,
http://purl.obolibrary.org/obo/MONDO_0011694,
http://purl.obolibrary.org/obo/MONDO_0012116,
http://purl.obolibrary.org/obo/MONDO_0100095,
https://identifiers.org/HGNC:29419,
CHEMBL:CHEMBL1989750,
http://purl.obolibrary.org/obo/MONDO_0025353,
CT-1578,
MONDO:0013656,
CHEMBL:CHEMBL392068,
MONDO:0011842,
HGNC:4651,
https://identifiers.org/HGNC:7883,
METHYLDOPA (RACEMIC),
MONDO:0012321,
http://purl.obolibrary.org/obo/MONDO_0008306,
https://identifiers.org/chembl:CHEMBL478960,
https://identifiers.org/chembl:CHEMBL581929,
3,5-DICAFFEOYLQUINIC ACID,
CHEMBL:CHEMBL406557,
MONDO:0010632,
MONDO:0030835,
CHEMBL:CHEMBL589694,
https://identifiers.org/HGNC:572,
HGNC:10549,
CHEMBL:CHEMBL588525,
http://purl.obolibrary.org/obo/MONDO_0014641,
https://identifiers.org/chembl:CHEMBL600572,
HGNC:15911,
CHEMBL:CHEMBL2063052,
https://identifiers.org/chembl:CHEMBL1333049,
MONDO:0009787,
https://identifiers.org/chembl:CHEMBL1721885,
http://purl.obolibrary.org/obo/MONDO_0030872,
NKX2-1,
HGNC:8142,
http://purl.obolibrary.org/obo/MONDO_0007182,
https://identifiers.org/HGNC:14282,
https://identifiers.org/HGNC:53924,
https://identifiers.org/chembl:CHEMBL429694,
CHEMBL:CHEMBL527620,
ETHYL CAFFEATE,
MONDO:0010235,
https://identifiers.org/HGNC:11237,
MONDO:0014656,
https://identifiers.org/chembl:CHEMBL465980,
https://identifiers.org/HGNC:16695,
http://purl.obolibrary.org/obo/MONDO_0011671,
HGNC:18540,
HGNC:24537,
https://identifiers.org/chembl:CHEMBL1335833,
https://identifiers.org/chembl:CHEMBL1554531,
https://identifiers.org/chembl:CHEMBL600734,
ISOGINKGETIN,
CHEMBL:CHEMBL312487,
3,5-DINITROCATECHOL (OR-486),
http://purl.obolibrary.org/obo/MONDO_0018923,
HGNC:6511,
CHEMBL:CHEMBL343002,
HGNC:1361,
HGNC:572,
https://identifiers.org/chembl:CHEMBL1523215,
http://purl.obolibrary.org/obo/MONDO_0012098,
https://identifiers.org/HGNC:469,
pyruvate dehydrogenase E2 deficiency,
http://purl.obolibrary.org/obo/MONDO_0011743,
https://identifiers.org/HGNC:6826,
http://purl.obolibrary.org/obo/MONDO_0012450,
https://identifiers.org/chembl:CHEMBL526776,
http://purl.obolibrary.org/obo/MONDO_0010031,
https://identifiers.org/chembl:CHEMBL571700,
HGNC:315,
polycystic lipomembranous osteodysplasia with sclerosing leukoencephaly,
MONDO:0008438,
http://purl.obolibrary.org/obo/MONDO_0013726,
CHEMBL:CHEMBL2094567,
https://identifiers.org/chembl:CHEMBL589715,
CHEMBL:CHEMBL533226,
HGNC:10519,
https://identifiers.org/chembl:CHEMBL414890,
https://identifiers.org/HGNC:7490,
https://identifiers.org/HGNC:28422,
DIMETHYL GAMBOGATE,
http://purl.obolibrary.org/obo/MONDO_0007488,
CHEMBL:CHEMBL547924,
ATHRAQUINONES A,
https://identifiers.org/HGNC:11277,
CHEMBL:CHEMBL586024,
https://identifiers.org/chembl:CHEMBL238188,
https://identifiers.org/HGNC:11273,
https://identifiers.org/chembl:CHEMBL1287983,
CHEMBL:CHEMBL1362503,
HGNC:19946,
http://purl.obolibrary.org/obo/MONDO_0012766,
http://purl.obolibrary.org/obo/MONDO_0025622,
MONDO:0010651,
CHEMBL:CHEMBL609628,
HGNC:14415,
Unverricht-Lundborg syndrome,
https://identifiers.org/HGNC:33782,
MONDO:0016759,
CHEMBL:CHEMBL412603,
https://identifiers.org/chembl:CHEMBL1269809,
HGNC:4367,
http://purl.obolibrary.org/obo/MONDO_0011006,
BISSALICYL FUMARATE,
TPCK,
http://purl.obolibrary.org/obo/MONDO_0016091,
https://identifiers.org/HGNC:11226,
CHEMBL:CHEMBL536375,
MONDO:0011663,
HGNC:8011,
http://purl.obolibrary.org/obo/MONDO_0017947,
https://identifiers.org/chembl:CHEMBL1397308,
CHEMBL:CHEMBL1343568,
HEXAHYDROCURCUMIN,
HGNC:10560,
https://identifiers.org/HGNC:11535,
http://purl.obolibrary.org/obo/MONDO_0010747,
https://identifiers.org/chembl:CHEMBL446452,
http://purl.obolibrary.org/obo/MONDO_0030634,
MONDO:0012153,
https://identifiers.org/chembl:CHEMBL1526167,
http://purl.obolibrary.org/obo/MONDO_0008437,
https://identifiers.org/chembl:CHEMBL1256364,
HGNC:17194,
http://purl.obolibrary.org/obo/MONDO_0015140,
HGNC:25786,
http://purl.obolibrary.org/obo/MONDO_0008201,
subacute sclerosing panencephalitis,
https://identifiers.org/chembl:CHEMBL494826,
amelocerebrohypohidrotic syndrome,
HGNC:4601,
HGNC:20134,
HINOKININ,
MONDO:0014568,
HGNC:8957,
http://purl.obolibrary.org/obo/MONDO_0010382,
https://identifiers.org/chembl:CHEMBL2094833,
EPM2A,
https://identifiers.org/HGNC:7489,
https://identifiers.org/HGNC:4193,
https://identifiers.org/HGNC:2073,
http://purl.obolibrary.org/obo/MONDO_0030967,
http://purl.obolibrary.org/obo/MONDO_0011841,
IRIGINOL HEXAACEATATE,
HGNC:4193,
MONDO:0017224,
CHEMBL:CHEMBL586135,
MONDO:0011738,
CSTB,
http://purl.obolibrary.org/obo/MONDO_0009591,
MONDO:0010099,
methylmalonic aciduria and homocystinuria type cblC,
HGNC:9308,
https://identifiers.org/chembl:CHEMBL1372046,
https://identifiers.org/chembl:CHEMBL77705,
MONDO:0014945,
HGNC:2158,
CHEMBL:CHEMBL601757,
https://identifiers.org/HGNC:2976,
HGNC:29682,
CHEMBL:CHEMBL2094833,
MONDO:0014836,
https://identifiers.org/chembl:CHEMBL586000,
HGNC:10258,
Tay-Sachs disease,
http://purl.obolibrary.org/obo/MONDO_0011439,
https://identifiers.org/chembl:CHEMBL1389794,
https://identifiers.org/chembl:CHEMBL260560,
HGNC:14938,
SP-600125,
https://identifiers.org/chembl:CHEMBL187266,
http://purl.obolibrary.org/obo/MONDO_0011513,
http://purl.obolibrary.org/obo/MONDO_0014726,
MONDO:0017831,
http://purl.obolibrary.org/obo/MONDO_0957813,
http://purl.obolibrary.org/obo/MONDO_0014718,
MONDO:0014803,
https://identifiers.org/chembl:CHEMBL66279,
MONDO:0010829,
CHEMBL:CHEMBL1379900,
ataxia, early-onset, with oculomotor apraxia and hypoalbuminemia,
https://identifiers.org/HGNC:2498,
http://purl.obolibrary.org/obo/MONDO_0030028,
https://identifiers.org/HGNC:2433,
http://purl.obolibrary.org/obo/MONDO_0010632,
SAPPANONE A DIMETHYL ETHER,
https://identifiers.org/chembl:CHEMBL1519374,
https://identifiers.org/HGNC:6511,
https://identifiers.org/HGNC:14203,
CHEMBL:CHEMBL314639,
GUTHION,
https://identifiers.org/HGNC:16268,
GEDUNIN,
HGNC:23141,
MONDO:0014063,
https://identifiers.org/HGNC:16812,
HGNC:1476,
http://purl.obolibrary.org/obo/MONDO_0009393,
http://purl.obolibrary.org/obo/MONDO_0013653,
cerebral arteriopathy, autosomal dominant, with subcortical infarcts and leukoencephalopathy, type 2,
CHEMBL:CHEMBL442906,
MONDO:0015003,
http://purl.obolibrary.org/obo/MONDO_0011196,
neurodegeneration with brain iron accumulation 5,
https://identifiers.org/HGNC:12730,
https://identifiers.org/chembl:CHEMBL3545196,
https://identifiers.org/HGNC:6971,
MONDO:0033115,
CHEMBL:CHEMBL1243244,
ectopic Cushing syndrome,
neuronal ceroid lipofuscinosis 8 northern epilepsy variant,
frontotemporal dementia,
MONDO:0014726,
early-onset Lafora body disease,
http://purl.obolibrary.org/obo/MONDO_0014867,
MONDO:0014841,
CHEMBL:CHEMBL546797,
MONDO:0014835,
CHEMBL:CHEMBL590695,
MONDO:0018576,
http://purl.obolibrary.org/obo/MONDO_0014803,
HGNC:25198,
https://identifiers.org/HGNC:9308,
http://purl.obolibrary.org/obo/MONDO_0009561,
https://identifiers.org/chembl:CHEMBL260451,
https://identifiers.org/HGNC:95,
MONDO:0010354,
https://identifiers.org/HGNC:12269,
HGNC:31708,
TYMP,
HGNC:11427,
CHEMBL:CHEMBL546597,
HGNC:20761,
https://identifiers.org/chembl:CHEMBL527584,
https://identifiers.org/chembl:CHEMBL494083,
HGNC:12525,
frontotemporal dementia and/or amyotrophic lateral sclerosis 4,
MONDO:0013674,
CHEMBL:CHEMBL1224755,
HGNC:28908,
HGNC:26169,
https://identifiers.org/chembl:CHEMBL458094,
https://identifiers.org/chembl:CHEMBL1392894,
MONDO:0014387,
CHEMBL:CHEMBL533293,
https://identifiers.org/HGNC:17975,
https://identifiers.org/HGNC:19321,
http://purl.obolibrary.org/obo/MONDO_0010878,
MONDO:0033043,
http://purl.obolibrary.org/obo/MONDO_0004976,
MONDO:0018937,
MONDO:0024564,
MONDO:0014671,
HGNC:11049,
TREX1,
HGNC:8607,
OXIDOPAMINE HYDROCHLORIDE,
CHEMBL:CHEMBL586061,
CHEMBL:CHEMBL1939691,
https://identifiers.org/chembl:CHEMBL601353,
http://purl.obolibrary.org/obo/MONDO_0009835,
https://identifiers.org/HGNC:8756,
CHEMBL:CHEMBL601618,
http://purl.obolibrary.org/obo/MONDO_0014736,
https://identifiers.org/chembl:CHEMBL604321,
CHLORANIL,
https://identifiers.org/chembl:CHEMBL297304,
Gaucher disease type III,
MONDO:0020715,
MONDO:0007182,
https://identifiers.org/chembl:CHEMBL282622,
https://identifiers.org/chembl:CHEMBL1880739,
PHYLLODULCIN,
MONDO:0014601,
https://identifiers.org/HGNC:20761,
https://identifiers.org/HGNC:11140,
MONDO:0018764,
https://identifiers.org/HGNC:9870,
http://purl.obolibrary.org/obo/MONDO_0010787,
CARBONYL CYANIDE M-CHLOROPHENYLHYDRAZONE,
CHEMBL:CHEMBL1333049,
HGNC:27302,
CHEMBL:CHEMBL1534034,
https://identifiers.org/chembl:CHEMBL609606,
CHEMBL:CHEMBL166486,
https://identifiers.org/chembl:CHEMBL1334191,
http://purl.obolibrary.org/obo/MONDO_0011842,
MONDO:0018222,
CHEMBL:CHEMBL453818,
MONDO:0011803,
https://identifiers.org/chembl:CHEMBL1567571,
CHEMBL:CHEMBL604321,
https://identifiers.org/chembl:CHEMBL487913,
https://identifiers.org/chembl:CHEMBL590900,
http://purl.obolibrary.org/obo/MONDO_0011585,
HGNC:19691,
CHEMBL:CHEMBL201325,
https://identifiers.org/chembl:CHEMBL482050,
BAY-11-7085,
https://identifiers.org/chembl:CHEMBL600738,
http://purl.obolibrary.org/obo/HP_0002145,
http://purl.obolibrary.org/obo/MONDO_0007493,
https://identifiers.org/chembl:CHEMBL47875,
TRIADIMENOL,
MONDO:0011703,
https://identifiers.org/HGNC:3267,
https://identifiers.org/HGNC:7897,
MONDO:0008039,
http://purl.obolibrary.org/obo/MONDO_0010044,
http://purl.obolibrary.org/obo/MONDO_0010549,
CHEMBL:CHEMBL462861,
http://purl.obolibrary.org/obo/MONDO_0010472,
https://identifiers.org/chembl:CHEMBL20562,
HGNC:1493,
MONDO:0014015,
https://identifiers.org/chembl:CHEMBL527271,
http://purl.obolibrary.org/obo/MONDO_0100224,
https://identifiers.org/HGNC:1160,
https://identifiers.org/chembl:CHEMBL68534,
HGNC:21701,
CHEMBL:CHEMBL578504,
CHEMBL:CHEMBL68534,
https://identifiers.org/HGNC:20499,
CHEMBL:CHEMBL584668,
https://identifiers.org/HGNC:2202,
amyotrophic lateral sclerosis type 19,
MONDO:0012449,
APTX,
https://identifiers.org/chembl:CHEMBL601547,
https://identifiers.org/HGNC:23625,
MONDO:0007316,
CHEMBL:CHEMBL1335833,
HP:0002511,
https://identifiers.org/chembl:CHEMBL1208903,
http://purl.obolibrary.org/obo/MONDO_0009267,
https://identifiers.org/chembl:CHEMBL1374504,
https://identifiers.org/HGNC:6556,
https://identifiers.org/chembl:CHEMBL258893,
CHEMBL:CHEMBL607253,
http://purl.obolibrary.org/obo/MONDO_0013784,
GW843682X,
https://identifiers.org/chembl:CHEMBL1513686,
http://purl.obolibrary.org/obo/MONDO_0014231,
CHEMBL:CHEMBL260560,
https://identifiers.org/chembl:CHEMBL583578,
http://purl.obolibrary.org/obo/MONDO_0012622,
CHEMBL:CHEMBL600107,
MONDO:0060759,
https://identifiers.org/chembl:CHEMBL1465049,
MONDO:0014684,
MONDO:0011834,
http://purl.obolibrary.org/obo/MONDO_0016418,
http://purl.obolibrary.org/obo/MONDO_0010877,
JPH3,
https://identifiers.org/chembl:CHEMBL454580,
http://purl.obolibrary.org/obo/HP_0002185,
https://identifiers.org/chembl:CHEMBL533226,
CHEMBL:CHEMBL2181039,
MATR3,
http://purl.obolibrary.org/obo/MONDO_0016759,
https://identifiers.org/chembl:CHEMBL1989853,
spinocerebellar ataxia 43,
HGNC:6893,
https://identifiers.org/HGNC:16791,
CHEMBL:CHEMBL609606,
THIOCORALINE,
http://purl.obolibrary.org/obo/MONDO_0010997,
CHEMBL:CHEMBL601364,
MONDO:0010997,
https://identifiers.org/HGNC:21576,
https://identifiers.org/HGNC:6783,
http://purl.obolibrary.org/obo/MONDO_0014916,
http://purl.obolibrary.org/obo/MONDO_0018129,
DERRUBONE,
http://purl.obolibrary.org/obo/MONDO_0010547,
http://purl.obolibrary.org/obo/MONDO_0014282,
MONDO:0012784,
MONDO:0010319,
http://purl.obolibrary.org/obo/MONDO_0009757,
http://purl.obolibrary.org/obo/MONDO_0010215,
http://purl.obolibrary.org/obo/MONDO_0018996,
https://identifiers.org/chembl:CHEMBL260028,
Parkinson disease 22, autosomal dominant,
http://purl.obolibrary.org/obo/MONDO_0008392,
Norrie disease,
https://identifiers.org/chembl:CHEMBL591178,
MONDO:0030028,
https://identifiers.org/HGNC:7737,
https://identifiers.org/HGNC:20582,
HGNC:9439,
http://purl.obolibrary.org/obo/MONDO_0012449,
AURIN,
MONDO:0016370,
MELAS syndrome,
MONDO:0010334,
https://identifiers.org/chembl:CHEMBL442906,
MONDO:0014020,
https://identifiers.org/HGNC:30262,
https://identifiers.org/chembl:CHEMBL1498652,
https://identifiers.org/HGNC:1356,
autosomal dominant optic atrophy, classic form,
TYRPHOSTIN 47,
https://identifiers.org/HGNC:2678,
http://purl.obolibrary.org/obo/MONDO_0027694,
CHEMBL:CHEMBL1521156,
CHEMBL:CHEMBL582507,
https://identifiers.org/chembl:CHEMBL16117,
CYCLOSTREPTIN,
https://identifiers.org/chembl:CHEMBL222556,
http://purl.obolibrary.org/obo/MONDO_0005574,
https://identifiers.org/chembl:CHEMBL505670,
MONDO:0012166,
HGNC:18060,
https://identifiers.org/chembl:CHEMBL582699,
http://purl.obolibrary.org/obo/MONDO_0014165,
https://identifiers.org/chembl:CHEMBL465226,
HGNC:6115,
https://identifiers.org/chembl:CHEMBL530291,
https://identifiers.org/HGNC:4576,
http://purl.obolibrary.org/obo/MONDO_0009697,
https://identifiers.org/chembl:CHEMBL2181046,
https://identifiers.org/chembl:CHEMBL461193,
MONDO:0958018,
https://identifiers.org/chembl:CHEMBL2349065,
http://purl.obolibrary.org/obo/MONDO_0017224,
https://identifiers.org/chembl:CHEMBL1556914,
MONDO:0033614,
CHEMBL:CHEMBL244707,
microangiopathy and leukoencephalopathy, pontine, autosomal dominant,
CHEMBL:CHEMBL299853,
https://identifiers.org/chembl:CHEMBL55814,
https://identifiers.org/chembl:CHEMBL1398631,
CHEMBL:CHEMBL1462710,
https://identifiers.org/chembl:CHEMBL494255,
http://purl.obolibrary.org/obo/MONDO_0044332,
https://identifiers.org/chembl:CHEMBL541388,
http://purl.obolibrary.org/obo/MONDO_0019569,
CHEMBL:CHEMBL600734,
https://identifiers.org/chembl:CHEMBL581225,
CHEMBL:CHEMBL103583,
HGNC:32925,
https://identifiers.org/chembl:CHEMBL1606022,
https://identifiers.org/chembl:CHEMBL1613209,
https://identifiers.org/chembl:CHEMBL571228,
https://identifiers.org/chembl:CHEMBL579957,
https://identifiers.org/chembl:CHEMBL582286,
https://identifiers.org/chembl:CHEMBL1322879,
http://purl.obolibrary.org/obo/MONDO_0009787,
http://purl.obolibrary.org/obo/MONDO_0019972,
CHEMBL:CHEMBL597035,
MONDO:0014862,
https://identifiers.org/HGNC:25358,
https://identifiers.org/chembl:CHEMBL491981,
https://identifiers.org/chembl:CHEMBL399530,
HGNC:29361,
https://identifiers.org/HGNC:10585,
https://identifiers.org/HGNC:24587,
(S)-ROSCOVITINE,
MONDO:0011522,
https://identifiers.org/chembl:CHEMBL602946,
https://identifiers.org/HGNC:21701,
CHEMBL:CHEMBL1503729,
amyotrophic lateral sclerosis 26 with or without frontotemporal dementia,
HGNC:2498,
https://identifiers.org/chembl:CHEMBL224214,
https://identifiers.org/chembl:CHEMBL458178,
https://identifiers.org/chembl:CHEMBL1336287,
https://identifiers.org/chembl:CHEMBL310798,
http://purl.obolibrary.org/obo/MONDO_0013737,
https://identifiers.org/chembl:CHEMBL191044,
https://identifiers.org/chembl:CHEMBL534535,
HGNC:25712,
https://identifiers.org/HGNC:713,
https://identifiers.org/HGNC:20278,
http://purl.obolibrary.org/obo/MONDO_0014729,
CHEMBL:CHEMBL274921,
CHEMBL:CHEMBL560296,
https://identifiers.org/chembl:CHEMBL585502,
https://identifiers.org/HGNC:589,
CHEMBL:CHEMBL1606,
https://identifiers.org/HGNC:1527,
MONDO:0013784,
https://identifiers.org/chembl:CHEMBL520275,
NILE RED,
CHEMBL:CHEMBL524407,
https://identifiers.org/chembl:CHEMBL467590,
CHEMBL:CHEMBL2036124,
DAPHNORIN,
https://identifiers.org/chembl:CHEMBL52884,
CHEMBL:CHEMBL589444,
https://identifiers.org/HGNC:890,
https://identifiers.org/chembl:CHEMBL528712,
HGNC:443,
Pick disease,
HGNC:2073,
https://identifiers.org/chembl:CHEMBL1210769,
7-HYDROXY ISOFLAVONE,
http://purl.obolibrary.org/obo/MONDO_0011930,
CHEMBL:CHEMBL242171,
https://identifiers.org/HGNC:7497,
LARGAZOLE,
CHEMBL:CHEMBL579105,
EUFLAVINE,
CHEMBL:CHEMBL578944,
http://purl.obolibrary.org/obo/MONDO_0011613,
CHEMBL:CHEMBL600255,
HGNC:11535,
http://purl.obolibrary.org/obo/MONDO_0011412,
JNJ-26483327,
https://identifiers.org/HGNC:4235,
autosomal dominant cerebellar ataxia, deafness and narcolepsy,
MONDO:0011758,
CHEMBL:CHEMBL1601846,
http://purl.obolibrary.org/obo/MONDO_0014121,
https://identifiers.org/chembl:CHEMBL582073,
http://purl.obolibrary.org/obo/MONDO_0014836,
CHEMBL:CHEMBL247471,
https://identifiers.org/chembl:CHEMBL578502,
https://identifiers.org/chembl:CHEMBL99408,
MONDO:0032632,
MONDO:0010578,
https://identifiers.org/chembl:CHEMBL1818442,
https://identifiers.org/chembl:CHEMBL2094422,
http://purl.obolibrary.org/obo/MONDO_0011551,
https://identifiers.org/chembl:CHEMBL578915,
HELENALIN,
HGNC:8804,
https://identifiers.org/HGNC:9154,
ichthyosis-hepatosplenomegaly-cerebellar degeneration syndrome,
http://purl.obolibrary.org/obo/MONDO_0021011,
MONDO:0011229,
MONDO:0017722,
https://identifiers.org/HGNC:29361,
MONDO:0054573,
https://identifiers.org/chembl:CHEMBL581677,
CHEMBL:CHEMBL457504,
http://purl.obolibrary.org/obo/MONDO_0032753,
http://purl.obolibrary.org/obo/MONDO_0015307,
http://purl.obolibrary.org/obo/MONDO_0014395,
HGNC:11571,
https://identifiers.org/chembl:CHEMBL599013,
https://identifiers.org/chembl:CHEMBL582030,
CHEMBL:CHEMBL600694,
https://identifiers.org/chembl:CHEMBL1935538,
MONDO:0024528,
CHEMBL:CHEMBL587449,
HGNC:8857,
HGNC:4512,
ATP7B,
HGNC:25538,
MONDO:0009590,
CHEMBL:CHEMBL600103,
HGNC:29106,
basal ganglia calcification, idiopathic, 6,
https://identifiers.org/chembl:CHEMBL1510164,
HGNC:11179,
https://identifiers.org/chembl:CHEMBL408500,
http://purl.obolibrary.org/obo/MONDO_0013552,
https://identifiers.org/chembl:CHEMBL1567041,
https://identifiers.org/HGNC:535,
Cockayne syndrome type 1,
http://purl.obolibrary.org/obo/MONDO_0044304,
HGNC:10985,
CHEMBL:CHEMBL22148,
http://purl.obolibrary.org/obo/MONDO_0016562,
https://identifiers.org/HGNC:1618,
https://identifiers.org/chembl:CHEMBL580609,
https://identifiers.org/HGNC:8140,
https://identifiers.org/HGNC:10519,
https://identifiers.org/HGNC:11571,
http://purl.obolibrary.org/obo/MONDO_0012153,
https://identifiers.org/HGNC:14253,
HGNC:40045,
https://identifiers.org/chembl:CHEMBL1320453,
MONDO:0014736,
https://identifiers.org/chembl:CHEMBL548681,
https://identifiers.org/HGNC:2482,
https://identifiers.org/HGNC:23787,
MT-TS2,
https://identifiers.org/HGNC:29866,
CHEMBL:CHEMBL601952,
https://identifiers.org/HGNC:4512,
http://purl.obolibrary.org/obo/MONDO_0009319,
CHEMBL:CHEMBL602969,
https://identifiers.org/HGNC:8022,
JUGLONE,
https://identifiers.org/HGNC:6317,
https://identifiers.org/chembl:CHEMBL1607517,
CHEMBL:CHEMBL59150,
http://purl.obolibrary.org/obo/MONDO_0017175,
Huntington disease-like 2,
https://identifiers.org/chembl:CHEMBL606167,
https://identifiers.org/HGNC:869,
https://identifiers.org/HGNC:9043,
MONDO:0007298,
HGNC:4593,
MONDO:0010733,
https://identifiers.org/HGNC:6323,
CHEMBL:CHEMBL533074,
http://purl.obolibrary.org/obo/MONDO_0033638,
https://identifiers.org/chembl:CHEMBL300389,
CHEMBL:CHEMBL515505,
http://purl.obolibrary.org/obo/MONDO_0018576,
http://purl.obolibrary.org/obo/MONDO_0011887,
http://purl.obolibrary.org/obo/MONDO_0014601,
https://identifiers.org/HGNC:16877,
http://purl.obolibrary.org/obo/MONDO_0018105,
MONDO:0014209,
http://purl.obolibrary.org/obo/MONDO_0014147,
HGNC:10935,
https://identifiers.org/HGNC:119,
https://identifiers.org/HGNC:4982,
http://purl.obolibrary.org/obo/HP_0002548,
CHEMBL:CHEMBL153505,
CHEMBL:CHEMBL528712,
https://identifiers.org/chembl:CHEMBL602718,
https://identifiers.org/chembl:CHEMBL1160008,
4'-METHOXYFLAVONE,
PD-0166285,
HGNC:777,
CHEMBL:CHEMBL1287983,
https://identifiers.org/chembl:CHEMBL579837,
HGNC:21304,
progressive myoclonic epilepsy type 8,
https://identifiers.org/chembl:CHEMBL514499,
http://purl.obolibrary.org/obo/MONDO_0014656,
MT-TS1,
http://purl.obolibrary.org/obo/MONDO_0010355,
https://identifiers.org/HGNC:8011,
HGNC:19693,
MONDO:0024538,
https://identifiers.org/chembl:CHEMBL268868,
https://identifiers.org/HGNC:29118,
HGNC:10585,
https://identifiers.org/chembl:CHEMBL1451216,
http://purl.obolibrary.org/obo/MONDO_0032608,
CHEMBL:CHEMBL1392894,
MONDO:0011439,
https://identifiers.org/chembl:CHEMBL366861,
http://purl.obolibrary.org/obo/MONDO_0007089,
HGNC:12461,
MONDO:0014402,
HGNC:13356,
https://identifiers.org/HGNC:14938,
https://identifiers.org/chembl:CHEMBL411085,
http://purl.obolibrary.org/obo/MONDO_0958224,
BENZOPHENONE-THIOSEMICARBAZONE,
https://identifiers.org/chembl:CHEMBL412010,
HGNC:4851,
https://identifiers.org/HGNC:10548,
http://purl.obolibrary.org/obo/MONDO_0012719,
https://identifiers.org/HGNC:11782,
https://identifiers.org/HGNC:16133,
MONDO:0014874,
MONDO:0012334,
CHEMBL:CHEMBL428789,
http://purl.obolibrary.org/obo/MONDO_0014796,
http://purl.obolibrary.org/obo/MONDO_0019366,
cerebellar ataxia-hypogonadism syndrome,
https://identifiers.org/chembl:CHEMBL314639,
HGNC:11758,
https://identifiers.org/chembl:CHEMBL1200782,
MONDO:0958224,
PYRONIN Y,
CHEMBL:CHEMBL1997335,
MONDO:0012514,
https://identifiers.org/chembl:CHEMBL252417,
https://identifiers.org/chembl:CHEMBL1989750,
https://identifiers.org/chembl:CHEMBL1534034,
https://identifiers.org/chembl:CHEMBL551842,
http://purl.obolibrary.org/obo/MONDO_0008199,
https://identifiers.org/chembl:CHEMBL290914,
https://identifiers.org/chembl:CHEMBL585591,
http://purl.obolibrary.org/obo/MONDO_0013340,
STAUROSPORINE AGLYCON,
MONDO:0012116,
https://identifiers.org/HGNC:61,
https://identifiers.org/HGNC:2295,
CHEMBL:CHEMBL590900,
MONDO:0009393,
http://purl.obolibrary.org/obo/MONDO_0014063,
https://identifiers.org/HGNC:29106,
CARNOSIC ACID,
MONDO:0011339,
CHEMBL:CHEMBL578257,
https://identifiers.org/HGNC:16499,
http://purl.obolibrary.org/obo/MONDO_0016621,
MONDO:0012084,
https://identifiers.org/chembl:CHEMBL451197,
http://purl.obolibrary.org/obo/MONDO_0030047,
CHEMBL:CHEMBL530049,
https://identifiers.org/HGNC:2711,
TANSHINONE IIA,
https://identifiers.org/chembl:CHEMBL343002,
Sjogren syndrome,
CHEMBL:CHEMBL300389,
https://identifiers.org/chembl:CHEMBL599469,
http://purl.obolibrary.org/obo/MONDO_0033361,
MT-TL2,
https://identifiers.org/chembl:CHEMBL531268,
CHEMBL:CHEMBL1390716,
HGNC:25439,
http://identifiers.org/sio:SIO_010056,
https://identifiers.org/HGNC:12827,
mitochondrial complex I deficiency, nuclear type 12,
https://identifiers.org/chembl:CHEMBL1489769,
MONDO:0011785,
MONDO:0957576,
https://identifiers.org/HGNC:11139,
MONDO:0011464,
MME,
http://purl.obolibrary.org/obo/MONDO_0011706,
ZAMPANOLIDE,
HGNC:13586,
ASAH1,
https://identifiers.org/HGNC:18986,
https://identifiers.org/HGNC:2973,
MONDO:0017640,
presenile dementia, Kraepelin type,
https://identifiers.org/chembl:CHEMBL591628,
MONDO:0007803,
https://identifiers.org/HGNC:8142,
BEVANTOLOL HYDROCHLORIDE,
https://identifiers.org/chembl:CHEMBL1486690,
http://purl.obolibrary.org/obo/MONDO_0014568,
MONDO:0010355,
http://purl.obolibrary.org/obo/MONDO_0011426,
http://purl.obolibrary.org/obo/MONDO_0010319,
http://purl.obolibrary.org/obo/HP_0002423,
HGNC:29118,
HGNC:7739,
http://purl.obolibrary.org/obo/MONDO_0030677,
MONDO:0017312,
HGNC:25443,
HGNC:3061,
CHEMBL:CHEMBL606532,
https://identifiers.org/chembl:CHEMBL601757,
http://purl.obolibrary.org/obo/MONDO_0000507,
https://identifiers.org/chembl:CHEMBL1173445,
MONDO:0030047,
http://purl.obolibrary.org/obo/MONDO_0032610,
http://purl.obolibrary.org/obo/MONDO_0009092,
https://identifiers.org/HGNC:7501,
CHEMBL:CHEMBL1426508,
HGNC:25355,
CHEMBL:CHEMBL588683,
MONDO:0968976,
HGNC:23625,
https://identifiers.org/HGNC:245,
https://identifiers.org/chembl:CHEMBL233194,
https://identifiers.org/chembl:CHEMBL477841,
http://purl.obolibrary.org/obo/MONDO_0700295,
https://identifiers.org/chembl:CHEMBL589245,
HGNC:18305,
http://purl.obolibrary.org/obo/HP_0007256,
http://purl.obolibrary.org/obo/MONDO_0016563,
CHEMBL:CHEMBL606167,
http://purl.obolibrary.org/obo/MONDO_0007098,
https://identifiers.org/chembl:CHEMBL529939,
http://purl.obolibrary.org/obo/MONDO_0007624,
MAYTANSINOL,
https://identifiers.org/HGNC:13709,
http://purl.obolibrary.org/obo/MONDO_0968976,
SCLEROTIORIN,
https://identifiers.org/chembl:CHEMBL1467200,
https://identifiers.org/HGNC:17043,
CHEMBL:CHEMBL171699,
https://identifiers.org/chembl:CHEMBL179512,
HGNC:14686,
MONDO:0014975,
MONDO:0011694,
distal myopathy with vocal cord weakness,
https://identifiers.org/chembl:CHEMBL1343568,
CHEMBL:CHEMBL601110,
HGNC:11139,
http://purl.obolibrary.org/obo/MONDO_0010857,
https://identifiers.org/chembl:CHEMBL2036119,
http://purl.obolibrary.org/obo/MONDO_0030885,
leukoencephalopathy-palmoplantar keratoderma syndrome,
HGNC:24316,
CHEMBL:CHEMBL1415851,
http://purl.obolibrary.org/obo/MONDO_0011663,
familial encephalopathy with neuroserpin inclusion bodies,
https://identifiers.org/chembl:CHEMBL590168,
https://identifiers.org/chembl:CHEMBL1795737,
CHEMBL:CHEMBL260451,
CHEMBL:CHEMBL1569494,
ALTENUSIN,
https://identifiers.org/chembl:CHEMBL17784,
MONDO:0008948,
http://purl.obolibrary.org/obo/MONDO_0007334,
http://purl.obolibrary.org/obo/MONDO_0014503,
https://identifiers.org/chembl:CHEMBL602970,
CHEMBL:CHEMBL1510164,
AMSACRINE HYDROCHLORIDE,
MONDO:0018996,
https://identifiers.org/chembl:CHEMBL201325,
HGNC:11273,
https://identifiers.org/chembl:CHEMBL77030,
https://identifiers.org/chembl:CHEMBL1722838,
https://identifiers.org/chembl:CHEMBL586061,
https://identifiers.org/chembl:CHEMBL1503190,
AMITIFADINE HYDROCHLORIDE,
CHEMBL:CHEMBL259805,
CHEMBL:CHEMBL1537417,
Leber optic atrophy and dystonia,
HGNC:17619,
https://identifiers.org/HGNC:12461,
https://identifiers.org/HGNC:7477,
2-(2'-METHOXYPHENYL)-1H-INDOLE,
PAZOPANIB HYDROCHLORIDE,
CHEMBL:CHEMBL602946,
https://identifiers.org/chembl:CHEMBL1212972,
mitochondrial DNA depletion syndrome 4a,
MONDO:0009783,
https://identifiers.org/HGNC:21304,
AROMOLINE,
http://purl.obolibrary.org/obo/MONDO_0010188,
https://identifiers.org/chembl:CHEMBL581044,
CHEMBL:CHEMBL114544,
MONDO:0011797,
http://purl.obolibrary.org/obo/MONDO_0016079,
https://identifiers.org/chembl:CHEMBL532160,
http://purl.obolibrary.org/obo/MONDO_0008948,
http://purl.obolibrary.org/obo/MONDO_0859241,
MONDO:0020750,
HGNC:9438,
ELLIPTECINE,
DOLASTATIN-10,
CERS1,
MONDO:0010046,
http://purl.obolibrary.org/obo/MONDO_0015059,
http://purl.obolibrary.org/obo/MONDO_0010534,
https://identifiers.org/chembl:CHEMBL533965,
MT-CYB,
http://purl.obolibrary.org/obo/MONDO_0012391,
http://purl.obolibrary.org/obo/MONDO_0009698,
MONDO:0014796,
CHEMBL:CHEMBL581677,
https://identifiers.org/chembl:CHEMBL1440119,
HGNC:26006,
http://purl.obolibrary.org/obo/MONDO_0060502,
HGNC:3098,
myoclonic epilepsy of Lafora 1,
CHEMBL:CHEMBL372629,
http://purl.obolibrary.org/obo/MONDO_0008444,
4',7-DIMETHOXY-5-HYDROXYGENISTEIN,
https://identifiers.org/chembl:CHEMBL260213,
http://purl.obolibrary.org/obo/MONDO_0017312,
CHEMBL:CHEMBL450802,
TIA1,
MONDO:0044304,
HGNC:19714,
MONDO:0014845,
MONDO:0859257,
CHEMBL:CHEMBL600738,
MONDO:0014882,
https://identifiers.org/HGNC:14415,
CHEMBL:CHEMBL2036119,
CHEMBL:CHEMBL600313,
http://purl.obolibrary.org/obo/MONDO_0032737,
https://identifiers.org/chembl:CHEMBL513116,
HGNC:30262,
MONDO:0032905,
HGNC:9476,
https://identifiers.org/HGNC:11231,
http://purl.obolibrary.org/obo/MONDO_0014874,
https://identifiers.org/chembl:CHEMBL86464,
https://identifiers.org/HGNC:11280,
https://identifiers.org/HGNC:19082,
https://identifiers.org/chembl:CHEMBL591876,
https://identifiers.org/chembl:CHEMBL211670,
https://identifiers.org/chembl:CHEMBL546576,
CHEMBL:CHEMBL1402376,
http://identifiers.org/sio:SIO_010035,
https://identifiers.org/chembl:CHEMBL468167,
https://identifiers.org/HGNC:7707,
MONDO:0010079,
Lewy body dementia,
https://identifiers.org/chembl:CHEMBL536375,
http://purl.obolibrary.org/obo/MONDO_0019977,
http://purl.obolibrary.org/obo/MONDO_0014178,
https://identifiers.org/HGNC:12405,
IODOPHTHALEIN,
http://purl.obolibrary.org/obo/MONDO_0026720,
http://purl.obolibrary.org/obo/MONDO_0017837,
CHEMBL:CHEMBL600572,
https://identifiers.org/HGNC:6121,
http://purl.obolibrary.org/obo/MONDO_0018937,
https://identifiers.org/chembl:CHEMBL1526240,
MONDO:0024457,
CHEMBL:CHEMBL590168,
RATANIAPHENOL II,
HGNC:7737,
megalencephalic leukoencephalopathy with subcortical cysts 3,
ceroid lipofuscinosis, neuronal, 6B (Kufs type),
http://purl.obolibrary.org/obo/MONDO_0014290,
MONDO:0009839,
https://identifiers.org/chembl:CHEMBL504256,
https://identifiers.org/HGNC:8857,
4-METHOXYDALBERGIONE,
https://identifiers.org/HGNC:4601,
https://identifiers.org/chembl:CHEMBL274921,
https://identifiers.org/chembl:CHEMBL242171,
http://purl.obolibrary.org/obo/MONDO_0018544,
https://identifiers.org/chembl:CHEMBL606532,
similar to,
HGNC:28242,
CHEMBL:CHEMBL586000,
https://identifiers.org/HGNC:32952,
ABetaL34V amyloidosis,
HGNC:801,
HGNC:11233,
MONDO:0850514,
https://identifiers.org/chembl:CHEMBL596839,
https://identifiers.org/chembl:CHEMBL590186,
https://identifiers.org/chembl:CHEMBL1546223,
MONDO:0009279,
http://purl.obolibrary.org/obo/MONDO_0016370,
https://identifiers.org/chembl:CHEMBL472437,
https://identifiers.org/chembl:CHEMBL1415851,
HGNC:18986,
https://identifiers.org/chembl:CHEMBL312487,
http://purl.obolibrary.org/obo/MONDO_0957538,
http://purl.obolibrary.org/obo/MONDO_0010936,
MONDO:0014121,
HGNC:12799,
http://purl.obolibrary.org/obo/MONDO_0014702,
http://purl.obolibrary.org/obo/MONDO_0007297,
https://identifiers.org/HGNC:13586,
http://purl.obolibrary.org/obo/MONDO_0018130,
http://purl.obolibrary.org/obo/MONDO_0018210,
CHEMBL:CHEMBL598263,
http://purl.obolibrary.org/obo/MONDO_0011913,
ANGUSTIBALIN,
HGNC:22407,
Lafora disease,
CHEMBL:CHEMBL1389794,
HGNC:7714,
MONDO:0008289,
https://identifiers.org/HGNC:23287,
https://identifiers.org/HGNC:15911,
phenylketonuria,
CHEMBL:CHEMBL581929,
MONDO:0010188,
http://purl.obolibrary.org/obo/MONDO_0008243,
https://identifiers.org/chembl:CHEMBL448515,
CHEMBL:CHEMBL591178,
https://identifiers.org/HGNC:9689,
HGNC:713,
CHEMBL:CHEMBL600908,
CHEMBL:CHEMBL139935,
http://purl.obolibrary.org/obo/MONDO_0013354,
angiomatosis, diffuse Corticomeningeal, of Divry and van Bogaert,
CHEMBL:CHEMBL582699,
https://identifiers.org/chembl:CHEMBL338474,
GRINIMIBINE,
CHEMBL:CHEMBL528694,
https://identifiers.org/HGNC:4367,
MONDO:0013971,
http://purl.obolibrary.org/obo/MONDO_0013656,
HGNC:14282,
https://identifiers.org/HGNC:7678,
adrenoleukodystrophy,
https://identifiers.org/HGNC:735,
HGNC:2605,
http://purl.obolibrary.org/obo/HP_0410054,
https://identifiers.org/HGNC:17019,
HGNC:30881,
https://identifiers.org/chembl:CHEMBL486196,
MONDO:0012787,
https://identifiers.org/chembl:CHEMBL549208,
https://identifiers.org/HGNC:7708,
CHEMBL:CHEMBL523200,
http://purl.obolibrary.org/obo/MONDO_0013625,
http://purl.obolibrary.org/obo/MONDO_0011834,
http://purl.obolibrary.org/obo/MONDO_0007403,
HGNC:11503,
https://identifiers.org/HGNC:9508,
https://identifiers.org/chembl:CHEMBL1609016,
https://identifiers.org/chembl:CHEMBL30432,
HGNC:12718,
MONDO:0013150,
https://identifiers.org/chembl:CHEMBL1368322,
MONDO:0010714,
HGNC:6396,
http://purl.obolibrary.org/obo/MONDO_0010772,
https://identifiers.org/HGNC:4283,
http://purl.obolibrary.org/obo/MONDO_0013048,
spinal muscular atrophy-progressive myoclonic epilepsy syndrome,
MT-ND6,
METHYL 7-DESHYDROXYPYROGALLIN-4-CARBOXYLATE,
https://identifiers.org/chembl:CHEMBL580819,
CHEMBL:CHEMBL260311,
http://purl.obolibrary.org/obo/HP_0031993,
CHEMBL:CHEMBL581044,
DIHYDROXANTHOHUMOL,
https://identifiers.org/HGNC:9509,
https://identifiers.org/HGNC:11049,
HGNC:9437,
ENNIATIN B,
CHEMBL:CHEMBL482050,
dural sinus malformation,
http://purl.obolibrary.org/obo/MONDO_0017831,
OSAJIN,
https://identifiers.org/chembl:CHEMBL294264,
http://purl.obolibrary.org/obo/MONDO_0100212,
https://identifiers.org/HGNC:8768,
https://identifiers.org/chembl:CHEMBL1520512,
progressive external ophthalmoplegia with mitochondrial DNA deletions, autosomal dominant 3,
HGNC:10940,
CHEMBL:CHEMBL2094422,
MONDO:0011196,
CHEMBL:CHEMBL127579,
MONDO:0010794,
https://identifiers.org/chembl:CHEMBL531710,
https://identifiers.org/chembl:CHEMBL509999,
HGNC:11005,
MONDO:0007088,
https://identifiers.org/chembl:CHEMBL4650301,
https://identifiers.org/HGNC:7462,
HGNC:11536,
HGNC:15894,
https://identifiers.org/HGNC:28908,
HGNC:3418,
CHEMBL:CHEMBL591137,
MONDO:0859241,
https://identifiers.org/chembl:CHEMBL1224755,
http://purl.obolibrary.org/obo/MONDO_0013142,
http://purl.obolibrary.org/obo/MONDO_0008436,
https://identifiers.org/HGNC:21022,
HGNC:15832,
https://identifiers.org/HGNC:10680,
http://purl.obolibrary.org/obo/MONDO_0008795,
https://identifiers.org/HGNC:20858,
https://identifiers.org/chembl:CHEMBL1209491,
https://identifiers.org/chembl:CHEMBL600554,
http://purl.obolibrary.org/obo/MONDO_0007316,
CHEMBL:CHEMBL223575,
CHEMBL:CHEMBL1465049,
HGNC:16877,
retinal vasculopathy with cerebral leukoencephalopathy and systemic manifestations,
AROMATICIN,
https://identifiers.org/HGNC:13601,
MONDO:0033135,
HGNC:23573,
https://identifiers.org/chembl:CHEMBL303483,
https://identifiers.org/chembl:CHEMBL228281,
http://purl.obolibrary.org/obo/MONDO_0012787,
http://purl.obolibrary.org/obo/MONDO_0009185,
CHEMBL:CHEMBL597449,
https://identifiers.org/HGNC:801,
https://identifiers.org/chembl:CHEMBL598903,
https://identifiers.org/HGNC:620,
http://purl.obolibrary.org/obo/MONDO_0010476,
CHEMBL:CHEMBL84010,
NHLRC1,
HGNC:9179,
https://identifiers.org/HGNC:15868,
MONDO:0019208,
CHEMBL:CHEMBL580071,
https://identifiers.org/chembl:CHEMBL2063052,
http://purl.obolibrary.org/obo/MONDO_0018737,
CHEMBL:CHEMBL592124,
ERCC4,
https://identifiers.org/HGNC:23573,
https://identifiers.org/HGNC:777,
MONDO:0015059,
CHEMBL:CHEMBL533965,
PHENYLETHENYLSEMICARBAZONE,
https://identifiers.org/chembl:CHEMBL78257,
https://identifiers.org/HGNC:25355,
HGNC:11953,
https://identifiers.org/chembl:CHEMBL249447,
http://purl.obolibrary.org/obo/MONDO_0008039,
GOSSYPETIN,
https://identifiers.org/HGNC:18798,
MONDO:0013726,
CHEMBL:CHEMBL2181041,
https://identifiers.org/chembl:CHEMBL581880,
https://identifiers.org/chembl:CHEMBL590686,
http://purl.obolibrary.org/obo/MONDO_0018346,
CHEMBL:CHEMBL592068,
HGNC:23787,
CHEMBL:CHEMBL563919,
http://purl.obolibrary.org/obo/MONDO_0012213,
http://purl.obolibrary.org/obo/MONDO_0014882,
https://identifiers.org/HGNC:3670,
http://purl.obolibrary.org/obo/MONDO_0007739,
https://identifiers.org/chembl:CHEMBL1591258,
MIRIPIRIUM,
https://identifiers.org/chembl:CHEMBL483531,
https://identifiers.org/HGNC:19691,
CHEMBL:CHEMBL260028,
https://identifiers.org/chembl:CHEMBL354349,
MONDO:0017730,
CHEMBL:CHEMBL601192,
http://purl.obolibrary.org/obo/MONDO_0018982,
SU-014813,
https://identifiers.org/HGNC:26970,
http://purl.obolibrary.org/obo/MONDO_0009852,
MONDO:0014348,
LAPACHOL,
CHEMBL:CHEMBL408850,
https://identifiers.org/chembl:CHEMBL581574,
Subcortical dementia,
3-METHOXYCATECHOL,
HP:0002548,
https://identifiers.org/chembl:CHEMBL9470,
https://identifiers.org/chembl:CHEMBL1449651,
https://identifiers.org/chembl:CHEMBL19954,
HGNC:12666,
MONDO:0016594,
HGNC:29419,
https://identifiers.org/HGNC:2077,
2-BENZOYL-5-METHOXYBENZOQUINONE,
https://identifiers.org/chembl:CHEMBL1379900,
http://purl.obolibrary.org/obo/MONDO_0011583,
CHEMBL:CHEMBL1814509,
CHEMBL:CHEMBL599013,
https://identifiers.org/chembl:CHEMBL580071,
CFAP43,
https://identifiers.org/HGNC:25786,
CHEMBL:CHEMBL310934,
ROGDI,
https://identifiers.org/HGNC:28337,
adult polyglucosan body disease,
http://purl.obolibrary.org/obo/MONDO_0018209,
MONDO:0008458,
AGROCLAVINE,
CHEMBL:CHEMBL429335,
HGNC:9043,
DNQX,
MONDO:0013653,
https://identifiers.org/chembl:CHEMBL592124,
MONDO:0971063,
http://purl.obolibrary.org/obo/MONDO_0957533,
MONDO:0015025,
ceroid lipofuscinosis, neuronal, 4 (Kufs type),
2-(PHENOXYMETHYL)BENZOTHIAZOLE,
https://identifiers.org/HGNC:12407,
http://purl.obolibrary.org/obo/MONDO_0014899,
HGNC:29043,
MONDO:0020488,
https://identifiers.org/chembl:CHEMBL591404,
http://purl.obolibrary.org/obo/MONDO_0018820,
ATN1,
CHEMBL:CHEMBL578741,
https://identifiers.org/chembl:CHEMBL104255,
https://identifiers.org/chembl:CHEMBL1079460,
MONDO:0011408,
CHEMBL:CHEMBL530609,
https://identifiers.org/chembl:CHEMBL601110,
http://purl.obolibrary.org/obo/MONDO_0044701,
mitochondrial DNA depletion syndrome 1,
https://identifiers.org/HGNC:3775,
MONDO:0015342,
ABeta amyloidosis, Iowa type,
https://identifiers.org/chembl:CHEMBL576412,
https://identifiers.org/HGNC:28385,
HGNC:6971,
CHEMBL:CHEMBL586937,
MONDO:0011562,
https://identifiers.org/HGNC:7495,
http://purl.obolibrary.org/obo/MONDO_0012984,
CHEMBL:CHEMBL81782,
http://purl.obolibrary.org/obo/MONDO_0017640,
ISOBOLDINE,
MONDO:0009749,
VALILTRAMIPROSATE,
https://identifiers.org/chembl:CHEMBL598263,
MONDO:0013625,
MONDO:0011897,
NORSTICTIC ACID,
https://identifiers.org/HGNC:8943,
CHEMBL:CHEMBL578061,
HGNC:4982,
HGNC:12827,
https://identifiers.org/chembl:CHEMBL60718,
https://identifiers.org/HGNC:24316,
https://identifiers.org/chembl:CHEMBL580727,
https://identifiers.org/chembl:CHEMBL590706,
https://identifiers.org/chembl:CHEMBL123,
CHEMBL:CHEMBL527584,
https://identifiers.org/HGNC:24537,
https://identifiers.org/HGNC:24525,
MONDO:0012789,
MONDO:0017837,
HGNC:90,
http://purl.obolibrary.org/obo/MONDO_0011299,
SHIKONIN,
CHEMBL:CHEMBL588038,
DNAJC5,
https://identifiers.org/HGNC:10555,
MONDO:0016163,
https://identifiers.org/HGNC:25712,
https://identifiers.org/HGNC:11233,
http://purl.obolibrary.org/obo/MONDO_0015003,
epilepsy, familial adult myoclonic, 2,
http://purl.obolibrary.org/obo/MONDO_0010733,
CHEMBL:CHEMBL339587,
HGNC:8800,
http://purl.obolibrary.org/obo/MONDO_0011397,
CHEMBL:CHEMBL399530,
https://identifiers.org/chembl:CHEMBL1601846,
MORUSINOL,
HGNC:445,
http://purl.obolibrary.org/obo/MONDO_0018637,
https://identifiers.org/HGNC:17264,
https://identifiers.org/HGNC:1493,
MONDO:0009319,
MONDO:0010156,
CHEMBL:CHEMBL1334191,
MONDO:0033361,
HGNC:977,
http://purl.obolibrary.org/obo/MONDO_0010651,
https://identifiers.org/chembl:CHEMBL1453126,
amyotrophic lateral sclerosis 27, juvenile,
CHEMBL:CHEMBL313737,
http://purl.obolibrary.org/obo/MONDO_0030860,
https://identifiers.org/chembl:CHEMBL339587,
https://identifiers.org/chembl:CHEMBL1565133,
2,3-DIHYDROXY-6,7-DICHLOROQUINOXALINE,
http://purl.obolibrary.org/obo/MONDO_0044737,
CHEMBL:CHEMBL592611,
http://purl.obolibrary.org/obo/MONDO_0014233,
https://identifiers.org/chembl:CHEMBL599924,
SANGUINARINE SULFATE,
http://purl.obolibrary.org/obo/MONDO_0014348,
CHEMBL:CHEMBL1553566,
https://identifiers.org/HGNC:7499,
https://identifiers.org/chembl:CHEMBL603154,
CHEMBL:CHEMBL515617,
http://purl.obolibrary.org/obo/MONDO_0011873,
CUDRAFLAVONE B,
HARMALOL,
MONDO:0007104,
https://identifiers.org/chembl:CHEMBL2181039,
https://identifiers.org/chembl:CHEMBL81782,
CHEMBL:CHEMBL1406948,
https://identifiers.org/HGNC:16947,
https://identifiers.org/chembl:CHEMBL22148,
NDUFA1,
aceruloplasminemia,
CHEMBL:CHEMBL259421,
HGNC:20582,
http://purl.obolibrary.org/obo/MONDO_0030875,
CHEMBL:CHEMBL257158,
https://identifiers.org/chembl:CHEMBL462861,
dementia,
https://identifiers.org/HGNC:28912,
HGNC:6235,
ABri amyloidosis,
http://purl.obolibrary.org/obo/MONDO_0008641,
HGNC:20499,
https://identifiers.org/HGNC:12649,
1,4-DIMETHOXYANTHRAQUINONE,
https://identifiers.org/HGNC:15984,
CHEMBL:CHEMBL582473,
https://identifiers.org/HGNC:2531,
HGNC:10942,
https://identifiers.org/chembl:CHEMBL578294,
HGNC:11237,
RTI-336,
https://identifiers.org/chembl:CHEMBL15193,
MONDO:0018644,
https://identifiers.org/HGNC:30074,
FANCHININ,
http://purl.obolibrary.org/obo/MONDO_0008215,
http://purl.obolibrary.org/obo/MONDO_0019134,
http://purl.obolibrary.org/obo/MONDO_0010317,
http://purl.obolibrary.org/obo/MONDO_0014015,
https://identifiers.org/HGNC:12513,
https://identifiers.org/HGNC:30213,
https://identifiers.org/chembl:CHEMBL1549738,
MONDO:0013340,
http://purl.obolibrary.org/obo/MONDO_0011408,
https://identifiers.org/chembl:CHEMBL1186581,
MONDO:0018209,
MONDO:0018656,
HGNC:9117,
MONDO:0012790,
https://identifiers.org/chembl:CHEMBL1402376,
http://purl.obolibrary.org/obo/MONDO_0009843,
CHEMBL:CHEMBL578905,
https://identifiers.org/chembl:CHEMBL227959,
CHEMBL:CHEMBL580340,
https://identifiers.org/chembl:CHEMBL273103,
HGNC:25519,
https://identifiers.org/HGNC:7421,
https://identifiers.org/HGNC:17761,
CHEMBL:CHEMBL2181040,
https://identifiers.org/chembl:CHEMBL548540,
MONDO:0030860,
Imerslund-Grasbeck syndrome type 1,
https://identifiers.org/chembl:CHEMBL1445650,
http://purl.obolibrary.org/obo/MONDO_0011194,
CHEMBL:CHEMBL531268,
HGNC:17208,
https://identifiers.org/chembl:CHEMBL235891,
MONDO:0016305,
https://identifiers.org/chembl:CHEMBL1374986,
https://identifiers.org/chembl:CHEMBL597035,
https://identifiers.org/HGNC:11503,
HGNC:4576,
SPHAEROPSIDIN A,
https://identifiers.org/chembl:CHEMBL114544,
CHEMBL:CHEMBL177126,
MONDO:0015348,
CHEMBL:CHEMBL534353,
MONDO:0033638,
http://purl.obolibrary.org/obo/MONDO_0008307,
https://identifiers.org/HGNC:888,
http://purl.obolibrary.org/obo/MONDO_0012549,
MONDO:0012181,
amyotrophic lateral sclerosis type 21,
https://identifiers.org/chembl:CHEMBL580421,
https://identifiers.org/chembl:CHEMBL1371435,
myoclonic epilepsy of Lafora 2,
CHEMBL:CHEMBL86464,
https://identifiers.org/HGNC:17619,
MONDO:0030872,
CHEMBL:CHEMBL66279,
MONDO:0017222,
MONDO:0007435,
spastic paraplegia, optic atrophy, and dementia,
http://purl.obolibrary.org/obo/MONDO_0017279,
CHEMBL:CHEMBL196814,
https://identifiers.org/chembl:CHEMBL1588679,
HGNC:25532,
MONDO:0025353,
SULFURETIN,
HGNC:573,
CHEMBL:CHEMBL525826,
https://identifiers.org/HGNC:11588,
https://identifiers.org/chembl:CHEMBL590695,
http://purl.obolibrary.org/obo/MONDO_0008858,
XL-999,
https://identifiers.org/chembl:CHEMBL268368,
https://identifiers.org/chembl:CHEMBL515617,
http://purl.obolibrary.org/obo/MONDO_0013584,
FLUORESCEIN DIACETATE,
https://identifiers.org/HGNC:3148,
http://semanticscience.org/resource/CHEMINF_000481,
https://identifiers.org/HGNC:1591,
https://identifiers.org/chembl:CHEMBL482967,
MONDO:0032753,
http://purl.obolibrary.org/obo/MONDO_0010820,
https://identifiers.org/chembl:CHEMBL588525,
HGNC:2531,
https://identifiers.org/chembl:CHEMBL524407,
https://identifiers.org/chembl:CHEMBL223575,
CHEMBL:CHEMBL578512,
ANGUIDIN,
HGNC:6174,
MONDO:0014506,
CHEMBL:CHEMBL578890,
CHEMBL:CHEMBL571228,
CHEMBL:CHEMBL591598,
https://identifiers.org/chembl:CHEMBL155265,
MONDO:0015307,
CHEMBL:CHEMBL1479114,
CHEMBL:CHEMBL602718,
https://identifiers.org/HGNC:7714,
https://identifiers.org/HGNC:3098,
PUQUITINIB MESYLATE DIHYDRATE,
CHEMBL:CHEMBL538542,
MONDO:0012651,
https://identifiers.org/chembl:CHEMBL166486,
CHEMBL:CHEMBL599100,
https://identifiers.org/chembl:CHEMBL596633,
MONDO:0011330,
MONDO:0009591,
https://identifiers.org/HGNC:2548,
MONDO:0025622,
MONDO:0032608,
https://identifiers.org/chembl:CHEMBL1976696,
HGNC:6556,
https://identifiers.org/HGNC:11802,
https://identifiers.org/HGNC:6218,
https://identifiers.org/chembl:CHEMBL580155,
https://identifiers.org/HGNC:13818,
FAGARONINE,
MONDO:0010857,
GW441756X,
juvenile Huntington disease,
ataxia with myoclonic epilepsy and presenile dementia,
CHEMBL:CHEMBL19954,
https://identifiers.org/HGNC:2584,
HGNC:2973,
CHEMBL:CHEMBL1576310,
TYRPHOSTIN 51,
https://identifiers.org/HGNC:23594,
http://purl.obolibrary.org/obo/MONDO_0032905,
CHEMBL:CHEMBL2002487,
http://purl.obolibrary.org/obo/MONDO_0014020,
https://identifiers.org/chembl:CHEMBL590522,
CHEMBL:CHEMBL1256291,
xeroderma pigmentosum group F,
http://purl.obolibrary.org/obo/MONDO_0012138,
MONDO:0007656,
MONDO:0014497,
CHEMBL:CHEMBL408563,
https://identifiers.org/chembl:CHEMBL406557,
HGNC:17433,
http://purl.obolibrary.org/obo/MONDO_0015025,
http://purl.obolibrary.org/obo/MONDO_0033645,
http://purl.obolibrary.org/obo/MONDO_0009502,
3-methylglutaconic aciduria type 1,
CHEMBL:CHEMBL595227,
https://identifiers.org/chembl:CHEMBL122701,
https://identifiers.org/chembl:CHEMBL530609,
https://identifiers.org/chembl:CHEMBL328710,
NITROVIN,
http://purl.obolibrary.org/obo/MONDO_0033135,
autosomal recessive cutis laxa type 2, classic type,
http://purl.obolibrary.org/obo/MONDO_0011339,
STARD7,
MONDO:0009830,
http://purl.obolibrary.org/obo/MONDO_0030805,
MONDO:0008392,
RUTAECARPINE,
http://purl.obolibrary.org/obo/MONDO_0010184,
https://identifiers.org/chembl:CHEMBL546865,
homocystinuria without methylmalonic aciduria,
CHEMBL:CHEMBL580183,
http://purl.obolibrary.org/obo/MONDO_0032938,
MT-TH,
HGNC:10555,
https://identifiers.org/chembl:CHEMBL515252,
https://identifiers.org/chembl:CHEMBL2002487,
https://identifiers.org/chembl:CHEMBL270299,
https://identifiers.org/HGNC:9449,
CHEMBL:CHEMBL408653,
https://identifiers.org/chembl:CHEMBL1406948,
https://identifiers.org/chembl:CHEMBL8747,
http://purl.obolibrary.org/obo/MONDO_0030696,
leukoencephalopathy, diffuse hereditary, with spheroids 1,
http://purl.obolibrary.org/obo/MONDO_0012789,
https://identifiers.org/chembl:CHEMBL1208858,
HGNC:29866,
http://purl.obolibrary.org/obo/MONDO_0008084,
https://identifiers.org/HGNC:1476,
https://identifiers.org/chembl:CHEMBL59150,
https://identifiers.org/chembl:CHEMBL533074,
hereditary intrinsic factor deficiency,
progressive external ophthalmoplegia with mitochondrial DNA deletions, autosomal recessive 4,
MONDO:0054835,
MONDO:0044332,
https://identifiers.org/chembl:CHEMBL105350,
CIS-RESVERATROL,
HGNC:6826,
XANTHOANGELOL F,
MONDO:0013594,
http://purl.obolibrary.org/obo/MONDO_0019975,
https://identifiers.org/HGNC:48,
CHEMBL:CHEMBL483633,
FUCHSIN, BASIC,
HGNC:21197,
http://purl.obolibrary.org/obo/MONDO_0020715,
MONDO:0014273,
http://purl.obolibrary.org/obo/MONDO_0010794,
basal ganglia calcification, idiopathic, 4,
http://purl.obolibrary.org/obo/MONDO_0032632,
http://purl.obolibrary.org/obo/MONDO_0008134,
http://purl.obolibrary.org/obo/MONDO_0014364,
https://identifiers.org/HGNC:5033,
http://purl.obolibrary.org/obo/MONDO_0032828,
CHEMBL:CHEMBL1503190,
CHEMBL:CHEMBL596839,
http://purl.obolibrary.org/obo/MONDO_0032814,
http://purl.obolibrary.org/obo/MONDO_0010060,
MONDO:0008201,
MONDO:0010472,
METHYLINOSITOL,
http://purl.obolibrary.org/obo/MONDO_0011895,
https://identifiers.org/chembl:CHEMBL601618,
HGNC:5261,
HGNC:8022,
CHEMBL:CHEMBL581880,
http://purl.obolibrary.org/obo/MONDO_0010079,
MONDO:0019134,
https://identifiers.org/chembl:CHEMBL607309,
http://purl.obolibrary.org/obo/MONDO_0011522,
http://purl.obolibrary.org/obo/MONDO_0012476,
https://identifiers.org/chembl:CHEMBL1537417,
http://purl.obolibrary.org/obo/MONDO_0010829,
MONDO:0016418,
HGNC:888,
IFAP syndrome,
https://identifiers.org/chembl:CHEMBL453818,
DUSQUETIDE,
http://purl.obolibrary.org/obo/MONDO_0008758,
MONDO:0044737,
https://identifiers.org/chembl:CHEMBL1256655,
MONDO:0014231,
http://purl.obolibrary.org/obo/MONDO_0011229,
MONDO:0014729,
CLN6,
http://purl.obolibrary.org/obo/MONDO_0017945,
https://identifiers.org/HGNC:5261,
http://purl.obolibrary.org/obo/MONDO_0008793,
http://purl.obolibrary.org/obo/MONDO_0011330,
https://identifiers.org/chembl:CHEMBL592068,
http://purl.obolibrary.org/obo/MONDO_0018006,
HGNC:7897,
http://purl.obolibrary.org/obo/MONDO_0010773,
3-METHYLCHOLANTHRENE,
https://identifiers.org/chembl:CHEMBL1431115,
MONDO:0009265,
CHEMBL:CHEMBL1327172,
https://identifiers.org/chembl:CHEMBL341898,
HGNC:6222,
http://purl.obolibrary.org/obo/MONDO_0013674,
HGNC:26784,
SAPPANONE A TRIMETHYL ETHER,
http://purl.obolibrary.org/obo/MONDO_0011638,
https://identifiers.org/HGNC:10258,
12A-HYDROXY-5-DEOXYDEHYDROMUNDUSERONE,
https://identifiers.org/chembl:CHEMBL258316,
https://identifiers.org/chembl:CHEMBL260342,
http://purl.obolibrary.org/obo/MONDO_0017830,
https://identifiers.org/HGNC:17194,
CHEMBL:CHEMBL67535,
https://identifiers.org/HGNC:3438,
https://identifiers.org/chembl:CHEMBL587849,
https://identifiers.org/chembl:CHEMBL462880,
http://purl.obolibrary.org/obo/MONDO_0017161,
CHEMBL:CHEMBL582073,
http://purl.obolibrary.org/obo/MONDO_0032526,
SLAZINIC ACID,
https://identifiers.org/chembl:CHEMBL1362503,
HGNC:11782,
MONDO:0008215,
HGNC:7708,
https://identifiers.org/HGNC:23141,
https://identifiers.org/HGNC:26684,
https://identifiers.org/chembl:CHEMBL1939691,
DALBERGIONE, 4-METHOXY-4'-HYDROXY-,
DEXTROAMPHETAMINE ADIPATE,
HGNC:29666,
http://purl.obolibrary.org/obo/MONDO_0013060,
https://identifiers.org/chembl:CHEMBL1213646,
https://identifiers.org/HGNC:1361,
CALMIDAZOLIUM CHLORIDE,
MONDO:0019383,
https://identifiers.org/HGNC:20134,
TG100-801,
HGNC:6180,
http://purl.obolibrary.org/obo/MONDO_0020750,
Sneddon syndrome,
CALCDPWW,
https://identifiers.org/HGNC:17208,
http://purl.obolibrary.org/obo/MONDO_0015342,
https://identifiers.org/chembl:CHEMBL515505,
http://purl.obolibrary.org/obo/MONDO_0011464,
https://identifiers.org/HGNC:12449,
MONDO:0957788,
idiopathic hypereosinophilic syndrome,
http://purl.obolibrary.org/obo/MONDO_0007803,
OXOPURPUREINE,
http://purl.obolibrary.org/obo/MONDO_0014402,
MONDO:0010275,
MONDO:0859304,
amyotrophic lateral sclerosis type 3,
https://identifiers.org/chembl:CHEMBL1984884,
3,5-DIPHENYLISOXAZOLE,
https://identifiers.org/chembl:CHEMBL591834,
https://identifiers.org/HGNC:26784,
MONDO:0013060,
http://purl.obolibrary.org/obo/MONDO_0015681,
https://identifiers.org/chembl:CHEMBL548615,
gangliocytoma,
http://purl.obolibrary.org/obo/MONDO_0007325,
HNRNPA2B1,
CHEMBL:CHEMBL222556,
http://purl.obolibrary.org/obo/MONDO_0008947,
http://purl.obolibrary.org/obo/MONDO_0018150,
http://purl.obolibrary.org/obo/MONDO_0007191,
https://identifiers.org/chembl:CHEMBL606166,
http://purl.obolibrary.org/obo/MONDO_0018764,
https://identifiers.org/HGNC:20716,
https://identifiers.org/chembl:CHEMBL1095515,
3,4-DIMETHOXYDALBERGIONE,
https://identifiers.org/chembl:CHEMBL584668,
http://purl.obolibrary.org/obo/MONDO_0010047,
